"lambda","borne_a","censoring_rate","pct_cancer","n_deaths_cancer","n_deaths_other","time_t","absolute_bias","bias","rmse","estimate_sd","estimation_error_sd","mean_se","ecr","se_calibration_ratio"
1e-04,Inf,0.5812425,0.00240061973776246,2.01,835.505,1,0.00151222980543294,0.00151222980543294,0.00420664768865743,0.00392736254722227,0.00392739993663868,0.0039751871085803,0.911,1.01216763576732
1e-04,Inf,0.5812425,0.00240061973776246,2.01,835.505,4,0.00711120189291048,0.00711120189291048,0.011586708319374,0.00915229603999679,0.00915239770225363,0.00920005576305164,0.863,1.00520716672815
1e-04,Inf,0.5812425,0.00240061973776246,2.01,835.505,7,0.0145142785292811,0.0145142785292811,0.0205132868441227,0.0145029460182922,0.0145031374854074,0.0150212951743409,0.827,1.03572728242113
1e-04,Inf,0.5812425,0.00240061973776246,2.01,835.505,7.5,0.0150104830771476,0.0150104830771476,0.0215204657984568,0.0154287785474256,0.015428995426569,0.0163033246289278,0.85,1.05666792802681
1e-04,Inf,0.5812425,0.00240061973776246,2.01,835.505,8,0.0175683754435595,0.0175683754435595,0.0243258185586388,0.0168336882881572,0.016833924492993,0.0176324465061657,0.828,1.04743528542647
1e-04,Inf,0.5812425,0.00240061973776246,2.01,835.505,8.5,0.0183220931225485,0.0183220931225485,0.0261401275335351,0.0186533507247697,0.0186535553234322,0.0191631908355271,0.829,1.02732109258843
1e-04,Inf,0.5812425,0.00240061973776246,2.01,835.505,9,0.0210264108934372,0.0210264108934372,0.0295423575758206,0.0207621179751072,0.0207622736733257,0.0208627240554211,0.817,1.00483812051011
1e-04,Inf,0.5812425,0.00240061973776246,2.01,835.505,9.5,0.022004634611527,0.022004634611527,0.0318192166595316,0.0229951335188253,0.0229953776188005,0.0228329741998965,0.826,0.99293756242684
1e-04,Inf,0.5812425,0.00240061973776246,2.01,835.505,10,0.0258287889288122,0.0258287889288122,0.0366992520611817,0.026084047613111,0.0260842702308209,0.0248524781100479,0.785,0.952776439215173
1e-04,Inf,0.5812425,0.00240061973776246,2.01,835.505,10.5,0.0271635849994609,0.0271635849994609,0.0407910988883978,0.0304461094487499,0.0304463524724883,0.0274461887930231,0.787,0.901460653384467
1e-04,Inf,0.5812425,0.00240061973776246,2.01,835.505,11,0.0313851650188042,0.0313851650188042,0.0467383727073745,0.0346502196304834,0.0346503614356835,0.0304459449960055,0.794,0.878661685896638
1e-04,Inf,0.5812425,0.00240061973776246,2.01,835.505,11.5,0.0320690523450364,0.0320690523450364,0.0509186835276606,0.0395707118632092,0.0395708739851589,0.0340765545171432,0.812,0.861152435751701
1e-04,Inf,0.5812425,0.00240061973776246,2.01,835.505,12,0.0364174298372069,0.0364174298372069,0.0579084634160933,0.0450463942533778,0.0450465329342283,0.0383577928486844,0.822,0.851514874733868
1e-04,Inf,0.5812425,0.00240061973776246,2.01,835.505,12.5,0.037375494142737,0.037375494142737,0.0640581292458454,0.0520501572866262,0.05205022176369,0.0430660855457275,0.849,0.827394852249605
1e-04,Inf,0.5812425,0.00240061973776246,2.01,835.505,13,0.0417281598766395,0.0417281598766395,0.0754321435674334,0.0628704835116073,0.0628706742302455,0.0481844827270094,0.851,0.766406330406888
2e-04,Inf,0.5805565,0.00480512350078669,4.031,834.856,1,0.00151060389963683,0.00151060389963683,0.00422998584616832,0.00395295754513987,0.00395303460644934,0.00398140830666563,0.912,1.00717770094145
2e-04,Inf,0.5805565,0.00480512350078669,4.031,834.856,4,0.00710267904012352,0.00710267904012352,0.0116181413957543,0.00919859008901753,0.00919879218824151,0.00920954245501483,0.861,1.00116866068429
2e-04,Inf,0.5805565,0.00480512350078669,4.031,834.856,7,0.0145293436323614,0.0145293436323614,0.0205661683667608,0.0145625000910776,0.0145628820099302,0.015027816223162,0.824,1.0319259754295
2e-04,Inf,0.5805565,0.00480512350078669,4.031,834.856,7.5,0.0150433912255216,0.0150433912255216,0.021571219774987,0.0154673785833172,0.0154678103225008,0.0163069940207717,0.852,1.05425355501355
2e-04,Inf,0.5805565,0.00480512350078669,4.031,834.856,8,0.0175825113620546,0.0175825113620546,0.0243558671853863,0.0168621593402767,0.0168626186716021,0.0176351346220824,0.828,1.04581233588478
2e-04,Inf,0.5805565,0.00480512350078669,4.031,834.856,8.5,0.0183062989716486,0.0183062989716486,0.0261305878958001,0.0186553000089075,0.0186556982398828,0.019168550035361,0.831,1.02749035650576
2e-04,Inf,0.5805565,0.00480512350078669,4.031,834.856,9,0.0209885107149903,0.0209885107149903,0.029517766463847,0.0207653469740126,0.020765648729286,0.0208658510374108,0.814,1.00482538780421
2e-04,Inf,0.5805565,0.00480512350078669,4.031,834.856,9.5,0.0219744695025475,0.0219744695025475,0.031782636212949,0.0229731157870431,0.0229736031385465,0.0228262630060726,0.828,0.993586546629831
2e-04,Inf,0.5805565,0.00480512350078669,4.031,834.856,10,0.0258010212384069,0.0258010212384069,0.036656273141901,0.0260508302873,0.0260512635402003,0.0248427580873789,0.789,0.953610486072718
2e-04,Inf,0.5805565,0.00480512350078669,4.031,834.856,10.5,0.0271176831649444,0.0271176831649444,0.0407036884005378,0.0303696435187078,0.0303701144717433,0.0274347798677222,0.784,0.903347924264422
2e-04,Inf,0.5805565,0.00480512350078669,4.031,834.856,11,0.0313186626200456,0.0313186626200456,0.0466250846683427,0.034557415190286,0.0345576927202618,0.0304295643859256,0.791,0.880543867099211
2e-04,Inf,0.5805565,0.00480512350078669,4.031,834.856,11.5,0.0319702087664204,0.0319702087664204,0.050760059557621,0.0394464194936249,0.0394467418574449,0.0340584403144061,0.819,0.863403128133842
2e-04,Inf,0.5805565,0.00480512350078669,4.031,834.856,12,0.036316306367518,0.036316306367518,0.0577032377192591,0.0448639876150543,0.0448642657071676,0.038335515135733,0.82,0.854477712528535
2e-04,Inf,0.5805565,0.00480512350078669,4.031,834.856,12.5,0.0372976006087648,0.0372976006087648,0.0639970046353992,0.0520307482688198,0.0520308831746715,0.0430093410973127,0.848,0.826611782716183
2e-04,Inf,0.5805565,0.00480512350078669,4.031,834.856,13,0.0417045843225412,0.0417045843225412,0.0754052638118379,0.062853677416122,0.0628540538796507,0.0481311113411643,0.853,0.765759857483863
5e-04,Inf,0.578449,0.0120917422388036,10.194,832.908,1,0.00150274573375671,0.00150274573375671,0.00426538498349191,0.00399372477628302,0.00399389728618638,0.00400038102437435,0.914,1.00162341135071
5e-04,Inf,0.578449,0.0120917422388036,10.194,832.908,4,0.00710451737118183,0.00710451737118183,0.0116727568380521,0.00926581750425292,0.00926633423058654,0.00923688275070005,0.863,0.996821668725343
5e-04,Inf,0.578449,0.0120917422388036,10.194,832.908,7,0.0144742097504924,0.0144742097504924,0.0205019573191426,0.0145262285092907,0.0145271657441931,0.0150447455381055,0.83,1.035628408392
5e-04,Inf,0.578449,0.0120917422388036,10.194,832.908,7.5,0.0149590621683465,0.0149590621683465,0.0214694461553003,0.0154067454684104,0.0154078219822634,0.0163199891730242,0.851,1.05920156604943
5e-04,Inf,0.578449,0.0120917422388036,10.194,832.908,8,0.0174763256531037,0.0174763256531037,0.0242677408881985,0.0168447604715529,0.0168459216001372,0.0176471742023278,0.828,1.04756359558174
5e-04,Inf,0.578449,0.0120917422388036,10.194,832.908,8.5,0.0182303096195872,0.0182303096195872,0.0260407274528011,0.0186033784811159,0.0186043387107394,0.0191729464353743,0.835,1.03056317848624
5e-04,Inf,0.578449,0.0120917422388036,10.194,832.908,9,0.0208630241353688,0.0208630241353688,0.0293953443703801,0.0207176112960133,0.0207183431848345,0.0208667618622893,0.814,1.00716363640329
5e-04,Inf,0.578449,0.0120917422388036,10.194,832.908,9.5,0.0218392198328458,0.0218392198328458,0.0316437781630412,0.0229095828530994,0.0229107414895284,0.0228221290550032,0.829,0.996132275571889
5e-04,Inf,0.578449,0.0120917422388036,10.194,832.908,10,0.0256810602218447,0.0256810602218447,0.0365482328428625,0.0260169233846873,0.0260179438699774,0.0248253331975322,0.787,0.954161993799156
5e-04,Inf,0.578449,0.0120917422388036,10.194,832.908,10.5,0.0270177270309759,0.0270177270309759,0.0405793562706267,0.030291506776551,0.0302926430943846,0.0274121446353423,0.785,0.904910956430333
5e-04,Inf,0.578449,0.0120917422388036,10.194,832.908,11,0.0312131126564283,0.0312131126564283,0.046502708353048,0.0344874934352798,0.0344881561609364,0.0304010598325085,0.791,0.881492756256503
5e-04,Inf,0.578449,0.0120917422388036,10.194,832.908,11.5,0.03186835494583,0.03186835494583,0.0506537936449977,0.0393917149293086,0.039392467937498,0.0340201958625876,0.817,0.863621845591541
5e-04,Inf,0.578449,0.0120917422388036,10.194,832.908,12,0.0362238659145297,0.0362238659145297,0.0575944435921009,0.0447984541452796,0.0447990896036871,0.0382671316767212,0.827,0.854194404735664
5e-04,Inf,0.578449,0.0120917422388036,10.194,832.908,12.5,0.0371860790391116,0.0371860790391116,0.0639114066496914,0.0520051615148063,0.0520054611904634,0.0429283345241322,0.849,0.825458202685918
5e-04,Inf,0.578449,0.0120917422388036,10.194,832.908,13,0.0415465899517327,0.0415465899517327,0.0753508980291204,0.0628925976597084,0.0628935154961857,0.0480412819171807,0.854,0.763851114668478
0.001,Inf,0.5749665,0.0239110807966161,20.324,829.743,1,0.00152176536873223,0.00152176536873223,0.00430211355358219,0.00402562616516368,0.00402599302163492,0.00403000063143903,0.918,1.00099543386751
0.001,Inf,0.5749665,0.0239110807966161,20.324,829.743,4,0.00704114712378639,0.00704114712378639,0.0116519923883962,0.00928755846013228,0.00928856561863502,0.00928382527670937,0.867,0.999489658347664
0.001,Inf,0.5749665,0.0239110807966161,20.324,829.743,7,0.0143421176690029,0.0143421176690029,0.0203707060806323,0.0144716518096348,0.0144733826660454,0.0150763006152303,0.833,1.04165701709797
0.001,Inf,0.5749665,0.0239110807966161,20.324,829.743,7.5,0.0148485964093071,0.0148485964093071,0.0213551740652781,0.0153536879387847,0.0153557299557629,0.0163421739270234,0.86,1.06423947113568
0.001,Inf,0.5749665,0.0239110807966161,20.324,829.743,8,0.0173739788907956,0.0173739788907956,0.0241095818900093,0.016721841064331,0.0167241290627093,0.0176596238505856,0.849,1.05593683141099
0.001,Inf,0.5749665,0.0239110807966161,20.324,829.743,8.5,0.018120864554731,0.018120864554731,0.0259381042155511,0.0185658954774607,0.018567829231449,0.0191768609710352,0.846,1.03280037380754
0.001,Inf,0.5749665,0.0239110807966161,20.324,829.743,9,0.0207460256387398,0.0207460256387398,0.0293646848828306,0.0207908792363146,0.020792293233855,0.0208636569444517,0.812,1.00343221932252
0.001,Inf,0.5749665,0.0239110807966161,20.324,829.743,9.5,0.0217297767193854,0.0217297767193854,0.0316164486266263,0.0229746908078034,0.0229770444587161,0.0228180415129344,0.824,0.993079921742443
0.001,Inf,0.5749665,0.0239110807966161,20.324,829.743,10,0.0255069600507356,0.0255069600507356,0.0364711720043775,0.0260788902187684,0.0260810582212648,0.0248206560581473,0.793,0.95167365708766
0.001,Inf,0.5749665,0.0239110807966161,20.324,829.743,10.5,0.0268418270736192,0.0268418270736192,0.0404229033319214,0.0302373085458566,0.0302397399956877,0.0273716178488156,0.786,0.905153875420851
0.001,Inf,0.5749665,0.0239110807966161,20.324,829.743,11,0.0310193795596498,0.0310193795596498,0.0462365869491506,0.0343030007484436,0.0343044729051773,0.0303437318802424,0.795,0.884541557135042
0.001,Inf,0.5749665,0.0239110807966161,20.324,829.743,11.5,0.0317317217010804,0.0317317217010804,0.0504755131403627,0.0392720372031754,0.0392736257856397,0.0339082741143706,0.82,0.863385374690032
0.001,Inf,0.5749665,0.0239110807966161,20.324,829.743,12,0.0360680794488994,0.0360680794488994,0.0574261545183023,0.044707206984533,0.0447085643177139,0.0381458354881758,0.828,0.853210924356659
0.001,Inf,0.5749665,0.0239110807966161,20.324,829.743,12.5,0.0370508460906955,0.0370508460906955,0.0638637279701591,0.0520427573256226,0.0520434344877753,0.0427655868492757,0.849,0.821728759260136
0.001,Inf,0.5749665,0.0239110807966161,20.324,829.743,13,0.0413781307464904,0.0413781307464904,0.0753293671135527,0.0629768753208423,0.0629788073547807,0.0478573500860489,0.856,0.759896099912666
0.002,Inf,0.5681585,0.0466540829718255,40.294,823.389,1,0.00150884241557201,0.00150884241557201,0.00439181537464596,0.00412582133952711,0.00412655610833813,0.00409136345130728,0.914,0.991471663996102
0.002,Inf,0.5681585,0.0466540829718255,40.294,823.389,4,0.00696372030156097,0.00696372030156097,0.0117007665708104,0.00940564650797448,0.00940760548424356,0.0093746595020112,0.872,0.996497941767696
0.002,Inf,0.5681585,0.0466540829718255,40.294,823.389,7,0.0142286859230434,0.0142286859230434,0.0204097982543314,0.0146357692637426,0.014639627056939,0.0151390078164026,0.843,1.03411157658056
0.002,Inf,0.5681585,0.0466540829718255,40.294,823.389,7.5,0.014721750705337,0.014721750705337,0.0213746065989481,0.0154997066358405,0.0155043299654445,0.0163968038110976,0.862,1.05756287744406
0.002,Inf,0.5681585,0.0466540829718255,40.294,823.389,8,0.017215174531772,0.017215174531772,0.0241370962076374,0.0169220934439424,0.0169270110438982,0.0176977018503874,0.837,1.04553023593418
0.002,Inf,0.5681585,0.0466540829718255,40.294,823.389,8.5,0.0179484349931601,0.0179484349931601,0.0259532817452568,0.0187518532271809,0.018755753595575,0.0191968377054909,0.84,1.0235172693898
0.002,Inf,0.5681585,0.0466540829718255,40.294,823.389,9,0.0205960600337202,0.0205960600337202,0.0293249240966973,0.0208824844074834,0.0208851543934558,0.0208627340291348,0.815,0.998926492766172
0.002,Inf,0.5681585,0.0466540829718255,40.294,823.389,9.5,0.0215040702697413,0.0215040702697413,0.0314593832371405,0.0229691918948209,0.0229738014060875,0.0227843875815406,0.829,0.9917552249539
0.002,Inf,0.5681585,0.0466540829718255,40.294,823.389,10,0.0252167998165694,0.0252167998165694,0.0362461914476774,0.0260450907773519,0.0260495293518367,0.0247620602022755,0.795,0.950576107070034
0.002,Inf,0.5681585,0.0466540829718255,40.294,823.389,10.5,0.0265098365385439,0.0265098365385439,0.0402011806355387,0.0302322814861114,0.0302370264569758,0.0272692540571197,0.789,0.901849727053058
0.002,Inf,0.5681585,0.0466540829718255,40.294,823.389,11,0.0306714466285975,0.0306714466285975,0.0460475872007029,0.0343601748381195,0.0343631120853106,0.03019832585748,0.803,0.878800668068393
0.002,Inf,0.5681585,0.0466540829718255,40.294,823.389,11.5,0.0313374965496492,0.0313374965496492,0.0501050251719163,0.0391120239483775,0.0391152765852606,0.0337133229439334,0.821,0.861896575637082
0.002,Inf,0.5681585,0.0466540829718255,40.294,823.389,12,0.0355600535810201,0.0355600535810201,0.0570053432068709,0.0445740791626412,0.0445766623051838,0.0379009944021841,0.831,0.850242984607141
0.002,Inf,0.5681585,0.0466540829718255,40.294,823.389,12.5,0.0364667500107691,0.0364667500107691,0.0633761236715272,0.0518578489001333,0.0518594118157414,0.0424415022561096,0.849,0.818395364893569
0.002,Inf,0.5681585,0.0466540829718255,40.294,823.389,13,0.0407833971624162,0.0407833971624162,0.0747137580419541,0.0626284750739582,0.0626321238629496,0.047403606052489,0.852,0.756857713403055
0.003,Inf,0.5614135,0.0683466753594291,59.948,817.225,1,0.00150373933037177,0.00150373933037177,0.00445684374668589,0.00419647604074107,0.00419759979663604,0.00415128626907707,0.909,0.988966664331344
0.003,Inf,0.5614135,0.0683466753594291,59.948,817.225,4,0.00694565533410831,0.00694565533410831,0.0118158016675389,0.00956106506950169,0.00956360306212663,0.00946222257158459,0.867,0.989399341452855
0.003,Inf,0.5614135,0.0683466753594291,59.948,817.225,7,0.0140623690735758,0.0140623690735758,0.020341824037612,0.0147002518229183,0.0147056396342614,0.0151975162027135,0.839,1.03344815871226
0.003,Inf,0.5614135,0.0683466753594291,59.948,817.225,7.5,0.0145596913200533,0.0145596913200533,0.0212878499678139,0.0155316140030393,0.0155379977568286,0.016439633624124,0.863,1.05802780264267
0.003,Inf,0.5614135,0.0683466753594291,59.948,817.225,8,0.016974156406376,0.016974156406376,0.024034000308133,0.017017020284834,0.0170235421134766,0.0177319883315106,0.835,1.04161567629766
0.003,Inf,0.5614135,0.0683466753594291,59.948,817.225,8.5,0.0177271559268029,0.0177271559268029,0.0258645621881237,0.018837912914862,0.0188435293543611,0.0192111435521152,0.842,1.01950877624043
0.003,Inf,0.5614135,0.0683466753594291,59.948,817.225,9,0.0202621799116063,0.0202621799116063,0.0290955206062237,0.0208870316776567,0.0208909026705712,0.0208519800103755,0.821,0.998136860775745
0.003,Inf,0.5614135,0.0683466753594291,59.948,817.225,9.5,0.0210781975301464,0.0210781975301464,0.0311846656511023,0.0229873754340336,0.0229939488199287,0.0227597878138538,0.826,0.989816407442295
0.003,Inf,0.5614135,0.0683466753594291,59.948,817.225,10,0.0246843929473644,0.0246843929473644,0.0357842758949245,0.0259138994099564,0.0259203976273,0.0247353519415325,0.802,0.954281346188943
0.003,Inf,0.5614135,0.0683466753594291,59.948,817.225,10.5,0.0259342762057573,0.0259342762057573,0.0395315337631251,0.029842694870989,0.0298504024407455,0.0272039552868673,0.806,0.91134299917291
0.003,Inf,0.5614135,0.0683466753594291,59.948,817.225,11,0.0299731633913629,0.0299731633913629,0.0450481487203773,0.0336416294698964,0.0336463557715334,0.0300935976724751,0.801,0.894408829200335
0.003,Inf,0.5614135,0.0683466753594291,59.948,817.225,11.5,0.0307899287010872,0.0307899287010872,0.0495340905156662,0.0388166930954249,0.0388215600835863,0.0334362817216538,0.824,0.861281248091588
0.003,Inf,0.5614135,0.0683466753594291,59.948,817.225,12,0.0350115120429923,0.0350115120429923,0.0565717432600931,0.0444548924842738,0.0444582128817829,0.0375440728428603,0.829,0.844480027631615
0.003,Inf,0.5614135,0.0683466753594291,59.948,817.225,12.5,0.035784723159594,0.035784723159594,0.0627916754640998,0.051619778709678,0.0516227954395056,0.0421245207719229,0.845,0.816006192870486
0.003,Inf,0.5614135,0.0683466753594291,59.948,817.225,13,0.0402399997956982,0.0402399997956982,0.0744194111297736,0.062627783661922,0.062633170791745,0.046935066962322,0.849,0.74936437624052
0.004,Inf,0.5548775,0.0888722417630391,79.119,811.126,1,0.00146766019521933,0.00146766019521933,0.00447019138075525,0.00422306915979765,0.00422450363509256,0.0042120427872744,0.919,0.997050340372618
0.004,Inf,0.5548775,0.0888722417630391,79.119,811.126,4,0.0069375509289823,0.0069375509289823,0.0118457354378778,0.00960248345842443,0.00960646237130311,0.00954767346163407,0.868,0.993880274819516
0.004,Inf,0.5548775,0.0888722417630391,79.119,811.126,7,0.0138886289951893,0.0138886289951893,0.0202603043277587,0.0147507786150536,0.0147581746773506,0.0152525222074342,0.848,1.03349652249626
0.004,Inf,0.5548775,0.0888722417630391,79.119,811.126,7.5,0.0143722624360132,0.0143722624360132,0.0212440716355999,0.0156440709218184,0.0156522728628988,0.0164842102148357,0.863,1.05315121702925
0.004,Inf,0.5548775,0.0888722417630391,79.119,811.126,8,0.0167689590579108,0.0167689590579108,0.0239220269212015,0.0170606051905406,0.017069175166764,0.017763755734067,0.836,1.0406920990919
0.004,Inf,0.5548775,0.0888722417630391,79.119,811.126,8.5,0.0175519887266354,0.0175519887266354,0.0258401833157936,0.0189669316586454,0.018973738912038,0.0192214307396791,0.842,1.01305445536008
0.004,Inf,0.5548775,0.0888722417630391,79.119,811.126,9,0.0201173659402283,0.0201173659402283,0.0291291810508338,0.0210722441739932,0.0210771208029119,0.0208457597417625,0.824,0.98902311832281
0.004,Inf,0.5548775,0.0888722417630391,79.119,811.126,9.5,0.0209364708890052,0.0209364708890052,0.0311429602064185,0.0230581729049382,0.0230668644893442,0.022732176759425,0.833,0.985490540767955
0.004,Inf,0.5548775,0.0888722417630391,79.119,811.126,10,0.0244633685496324,0.0244633685496324,0.0356278324213479,0.0259061088664647,0.0259144284106047,0.0246958387748372,0.809,0.952976403088681
0.004,Inf,0.5548775,0.0888722417630391,79.119,811.126,10.5,0.025711910542855,0.025711910542855,0.0392566885592258,0.0296681882440786,0.0296793887907293,0.0271249526799701,0.807,0.913932320885359
0.004,Inf,0.5548775,0.0888722417630391,79.119,811.126,11,0.0296206510119458,0.0296206510119458,0.0447267670265607,0.0335221896100148,0.0335294638672313,0.0300016640726796,0.801,0.894785081905247
0.004,Inf,0.5548775,0.0888722417630391,79.119,811.126,11.5,0.0303833838335526,0.0303833838335526,0.0489374388272451,0.0383761263593781,0.0383822368016152,0.0332863283672451,0.833,0.867232635223706
0.004,Inf,0.5548775,0.0888722417630391,79.119,811.126,12,0.0342806476683472,0.0342806476683472,0.0553670517742965,0.0434951011200957,0.0434998834190822,0.0373547021505848,0.827,0.858731086488344
0.004,Inf,0.5548775,0.0888722417630391,79.119,811.126,12.5,0.0351500711881562,0.0351500711881562,0.0617987166328861,0.0508512631093499,0.0508541051730562,0.0418037265314777,0.847,0.822032486644292
0.004,Inf,0.5548775,0.0888722417630391,79.119,811.126,13,0.0398627698990875,0.0398627698990875,0.0738743502650676,0.0622223332807743,0.0622274172251493,0.0464265788875006,0.849,0.746079155423105
0.005,Inf,0.5483865,0.108691877520841,98.174,805.053,1,0.00143690841120888,0.00143690841120888,0.00449251702381157,0.00425702426932424,0.00425865466627673,0.00427137210759627,0.922,1.00298625794203
0.005,Inf,0.5483865,0.108691877520841,98.174,805.053,4,0.00685585581226979,0.00685585581226979,0.0118470880445022,0.00966185233360275,0.00966665300897628,0.00963292864049088,0.865,0.996511267296541
0.005,Inf,0.5483865,0.108691877520841,98.174,805.053,7,0.0138212384878107,0.0138212384878107,0.0203348586498966,0.0149145220850821,0.014923221687017,0.0153041475949125,0.845,1.02552571528351
0.005,Inf,0.5483865,0.108691877520841,98.174,805.053,7.5,0.0143077798876218,0.0143077798876218,0.0212653068252029,0.0157299430937206,0.0157400272399669,0.0165215139481989,0.86,1.04964964140899
0.005,Inf,0.5483865,0.108691877520841,98.174,805.053,8,0.0167049558413696,0.0167049558413696,0.0238910522545438,0.0170771305013968,0.017088558950779,0.0177946066136518,0.842,1.04131698084704
0.005,Inf,0.5483865,0.108691877520841,98.174,805.053,8.5,0.0174476979860357,0.0174476979860357,0.0257034234080412,0.0188747188515236,0.0188838664020749,0.0192493432837775,0.842,1.01935392222762
0.005,Inf,0.5483865,0.108691877520841,98.174,805.053,9,0.0199863061878585,0.0199863061878585,0.0289403220095669,0.0209364254984093,0.0209410680557107,0.0208447519689002,0.821,0.995400612492436
0.005,Inf,0.5483865,0.108691877520841,98.174,805.053,9.5,0.0207849870208956,0.0207849870208956,0.0309398768599475,0.0229212565629739,0.0229300257464017,0.0227141792115189,0.837,0.990586729501745
0.005,Inf,0.5483865,0.108691877520841,98.174,805.053,10,0.0243790730898959,0.0243790730898959,0.035564242748678,0.0258974401763548,0.0259065108586485,0.02461785922483,0.807,0.950257615128115
0.005,Inf,0.5483865,0.108691877520841,98.174,805.053,10.5,0.0256487395168525,0.0256487395168525,0.0391402525392975,0.0295676672882527,0.0295800018009326,0.0270064396211204,0.802,0.912996550942365
0.005,Inf,0.5483865,0.108691877520841,98.174,805.053,11,0.0296418516921938,0.0296418516921938,0.044567903570976,0.0332893969738689,0.0332981594745744,0.0298480270756929,0.81,0.896386693639449
0.005,Inf,0.5483865,0.108691877520841,98.174,805.053,11.5,0.0303550902028052,0.0303550902028052,0.0486300144521156,0.0380038131103862,0.0380117310325198,0.0331114156349345,0.83,0.871084129439068
0.005,Inf,0.5483865,0.108691877520841,98.174,805.053,12,0.0341004852961505,0.0341004852961505,0.0549945331288767,0.0431615363547393,0.0431673371384634,0.0371723265418268,0.836,0.861121602719968
0.005,Inf,0.5483865,0.108691877520841,98.174,805.053,12.5,0.0347656867216886,0.0347656867216886,0.0613031342830084,0.0505137172549266,0.0505170592271851,0.0416408247018412,0.846,0.824292334883832
0.005,Inf,0.5483865,0.108691877520841,98.174,805.053,13,0.0395178149139732,0.0395178149139732,0.073553673991982,0.0620598162715326,0.0620672022870652,0.0460579923114459,0.851,0.742066512011038
0.007,Inf,0.535374,0.146516990719755,136.144,793.108,1,0.00144194005617812,0.00144194005617812,0.00459746047942232,0.00436562348960287,0.00436766851563871,0.00438330900986427,0.93,1.00358097098476
0.007,Inf,0.535374,0.146516990719755,136.144,793.108,4,0.00669799800540958,0.00669799800540958,0.0120214636492562,0.00998151059454481,0.00998760047023666,0.00979657283824268,0.877,0.980873520865873
0.007,Inf,0.535374,0.146516990719755,136.144,793.108,7,0.0137405177529794,0.0137405177529794,0.0203596292505332,0.015020837231155,0.015031254562176,0.0154064839582595,0.842,1.02496327864926
0.007,Inf,0.535374,0.146516990719755,136.144,793.108,7.5,0.0142187581383855,0.0142187581383855,0.0213507234353472,0.0159239927877737,0.0159353143193737,0.0165991833165314,0.854,1.04166023862803
0.007,Inf,0.535374,0.146516990719755,136.144,793.108,8,0.0166403195582651,0.0166403195582651,0.0239515324015081,0.0172215009069183,0.0172357982734028,0.0178435161521547,0.848,1.03525905032723
0.007,Inf,0.535374,0.146516990719755,136.144,793.108,8.5,0.0173650525278367,0.0173650525278367,0.0257160447529771,0.0189652820568155,0.0189770924664732,0.019256256210486,0.838,1.01471056456651
0.007,Inf,0.535374,0.146516990719755,136.144,793.108,9,0.0197576924763031,0.0197576924763031,0.0286618304216571,0.0207648496080807,0.020774158871263,0.0208401581812274,0.829,1.00317699072071
0.007,Inf,0.535374,0.146516990719755,136.144,793.108,9.5,0.0206470456790236,0.0206470456790236,0.0307784023943168,0.0228234610562443,0.0228370551902946,0.0226356902428338,0.832,0.991182534447507
0.007,Inf,0.535374,0.146516990719755,136.144,793.108,10,0.0241257651690148,0.0241257651690148,0.0353832969064922,0.0258830489577412,0.0258958635834618,0.0244988260748756,0.799,0.94605171192366
0.007,Inf,0.535374,0.146516990719755,136.144,793.108,10.5,0.0251730219088828,0.0251730219088828,0.0386777053520362,0.0293608342036973,0.0293793636125788,0.0268510507055039,0.81,0.913942557081379
0.007,Inf,0.535374,0.146516990719755,136.144,793.108,11,0.0287759832455922,0.0287759832455922,0.0436887527307168,0.0328782214212135,0.0328896888864909,0.0296515393526721,0.813,0.901545145501549
0.007,Inf,0.535374,0.146516990719755,136.144,793.108,11.5,0.0296069977800515,0.0296069977800515,0.0478655253758442,0.037618866329213,0.037629113092255,0.0327385249122052,0.838,0.870031797771592
0.007,Inf,0.535374,0.146516990719755,136.144,793.108,12,0.0331436614217772,0.0331436614217772,0.053946468136198,0.04257992920883,0.0425855922184136,0.036698872589091,0.844,0.861767341425458
0.007,Inf,0.535374,0.146516990719755,136.144,793.108,12.5,0.0336813601159022,0.0336813601159022,0.0600212578672689,0.0497008109759899,0.0497050094525369,0.0410017688517018,0.852,0.824902143733707
0.007,Inf,0.535374,0.146516990719755,136.144,793.108,13,0.038019865537008,0.038019865537008,0.0720147368256876,0.0611820814580096,0.0611911472446955,0.0453289472322012,0.851,0.740776227824861
0.01,Inf,0.5164985,0.198129416199695,191.582,775.421,1,0.00141056757080473,0.00141056757080473,0.00472764593336864,0.00451182278892557,0.00451456714602929,0.00454701766577154,0.925,1.00718795815692
0.01,Inf,0.5164985,0.198129416199695,191.582,775.421,4,0.00674908193364957,0.00674908193364957,0.012229307346275,0.0101956109304438,0.0102034288934517,0.0100223804078889,0.879,0.982256113366074
0.01,Inf,0.5164985,0.198129416199695,191.582,775.421,7,0.0135793148358483,0.0135793148358483,0.0203334778730234,0.0151225926889912,0.0151420544449707,0.0155434872597056,0.853,1.02651111949133
0.01,Inf,0.5164985,0.198129416199695,191.582,775.421,7.5,0.0138598435629533,0.0138598435629533,0.0211025026189374,0.0158985480643035,0.0159208613780707,0.0167091663473684,0.863,1.04951396476471
0.01,Inf,0.5164985,0.198129416199695,191.582,775.421,8,0.0159702180038411,0.0159702180038411,0.0234980122290282,0.0172206838472946,0.0172454667013419,0.0179139641754571,0.864,1.03876366384814
0.01,Inf,0.5164985,0.198129416199695,191.582,775.421,8.5,0.0166113386703963,0.0166113386703963,0.0252416878717699,0.0189933030329953,0.01901493628691,0.0192768596366277,0.85,1.01377461095665
0.01,Inf,0.5164985,0.198129416199695,191.582,775.421,9,0.0189605959165586,0.0189605959165586,0.0281595053890509,0.0208111319706625,0.0208299648026263,0.0207751168627403,0.836,0.997366873136575
0.01,Inf,0.5164985,0.198129416199695,191.582,775.421,9.5,0.0199577232726359,0.0199577232726359,0.030265526756054,0.0227434853254325,0.0227642175616801,0.0224871000294305,0.852,0.98782661729977
0.01,Inf,0.5164985,0.198129416199695,191.582,775.421,10,0.0232551208098507,0.0232551208098507,0.0345893632093538,0.0255960232761426,0.0256179562617879,0.0242752920879216,0.823,0.947588942687477
0.01,Inf,0.5164985,0.198129416199695,191.582,775.421,10.5,0.0243318228820936,0.0243318228820936,0.0380176346297186,0.0291976694611467,0.029225966111805,0.0265547338838056,0.821,0.908600721092317
0.01,Inf,0.5164985,0.198129416199695,191.582,775.421,11,0.0276987017722751,0.0276987017722751,0.0425274547710707,0.032269800751166,0.0322863552940588,0.0293095505268733,0.819,0.907799912995031
0.01,Inf,0.5164985,0.198129416199695,191.582,775.421,11.5,0.0283921286016542,0.0283921286016542,0.0467413835038687,0.0371333364644373,0.0371486741258982,0.0321974832909335,0.842,0.866719581479951
0.01,Inf,0.5164985,0.198129416199695,191.582,775.421,12,0.031345352551072,0.031345352551072,0.0513602111248824,0.0406945196386837,0.0407062299580653,0.0362342075407156,0.853,0.890139115758038
0.01,Inf,0.5164985,0.198129416199695,191.582,775.421,12.5,0.0318535997534471,0.0318535997534471,0.0571860729977789,0.047514061629302,0.0475168704844409,0.0401896267166438,0.856,0.845797004451371
0.01,Inf,0.5164985,0.198129416199695,191.582,775.421,13,0.035578813608339,0.035578813608339,0.0672711824311865,0.0571126536009237,0.0571211242076326,0.044357054948728,0.853,0.776543801685209
0.014,Inf,0.4923905,0.258660535478455,262.587,752.632,1,0.00142779205790746,0.00142779205790746,0.00504283700819597,0.00483504119806553,0.00483890793057358,0.00475085377867986,0.923,0.981802887519853
0.014,Inf,0.4923905,0.258660535478455,262.587,752.632,4,0.00692676247254623,0.00692676247254623,0.0126226793391575,0.010547866347824,0.0105576256235446,0.0102995603917377,0.878,0.975556508536215
0.014,Inf,0.4923905,0.258660535478455,262.587,752.632,7,0.0130195165738417,0.0130195165738417,0.0199960783901211,0.0151528770956859,0.0151843967635333,0.0156977973772046,0.864,1.03381106419086
0.014,Inf,0.4923905,0.258660535478455,262.587,752.632,7.5,0.0133458640682861,0.0133458640682861,0.0209465720227819,0.016118667704389,0.0161526375392967,0.0168150319887504,0.876,1.04100843889069
0.014,Inf,0.4923905,0.258660535478455,262.587,752.632,8,0.0152968196929679,0.0152968196929679,0.0230538725091398,0.0172239415308505,0.017256480842848,0.0179804598533108,0.863,1.04195403553343
0.014,Inf,0.4923905,0.258660535478455,262.587,752.632,8.5,0.0158486737591663,0.0158486737591663,0.0245482665779393,0.0187272431005897,0.0187560315839429,0.0192863773775357,0.868,1.02827601303715
0.014,Inf,0.4923905,0.258660535478455,262.587,752.632,9,0.0179784804201024,0.0179784804201024,0.0272981665294598,0.0205255787530619,0.020552044282219,0.0207027456253606,0.848,1.00733266925042
0.014,Inf,0.4923905,0.258660535478455,262.587,752.632,9.5,0.0187355094187539,0.0187355094187539,0.0292114503082865,0.0223950603312847,0.022423030755041,0.0223039180984981,0.857,0.994687932338669
0.014,Inf,0.4923905,0.258660535478455,262.587,752.632,10,0.0217080269038879,0.0217080269038879,0.0330683238372175,0.0249331593250782,0.0249579347673444,0.0240083106834735,0.831,0.961951015069024
0.014,Inf,0.4923905,0.258660535478455,262.587,752.632,10.5,0.0225875544547628,0.0225875544547628,0.0360695841967403,0.0280987516188295,0.0281355450769243,0.0261388627653212,0.838,0.929033459058853
0.014,Inf,0.4923905,0.258660535478455,262.587,752.632,11,0.0257010667353304,0.0257010667353304,0.0403384913083967,0.0310832520857573,0.031106537357444,0.0287223789070123,0.835,0.923355067681257
0.014,Inf,0.4923905,0.258660535478455,262.587,752.632,11.5,0.0262822686185794,0.0262822686185794,0.0441561010128131,0.0354754896242495,0.0355001954472279,0.0314208938985171,0.853,0.885090729858804
0.014,Inf,0.4923905,0.258660535478455,262.587,752.632,12,0.029375733365313,0.029375733365313,0.0494584742669939,0.0397938606764973,0.0398094430735568,0.0349380504408624,0.858,0.877632233545861
0.014,Inf,0.4923905,0.258660535478455,262.587,752.632,12.5,0.0299949923909636,0.0299949923909636,0.0552304492329593,0.0463951901524735,0.0463988772466563,0.038596896154378,0.859,0.831849786993703
0.014,Inf,0.4923905,0.258660535478455,262.587,752.632,13,0.0337838928242881,0.0337838928242881,0.0654655320854612,0.0560950026614757,0.0561028698809468,0.0424314657761623,0.848,0.756315423189653
0.019,Inf,0.4639565,0.322870531257107,346.14,725.947,1,0.00139848766490554,0.00139848766490554,0.00525270057074845,0.0050601685686121,0.0050656447065839,0.00499338894706392,0.928,0.985736117768768
0.019,Inf,0.4639565,0.322870531257107,346.14,725.947,4,0.00662698790399902,0.00662698790399902,0.0126162495768942,0.0107208366500911,0.0107409567944198,0.010624433743289,0.882,0.989151520356987
0.019,Inf,0.4639565,0.322870531257107,346.14,725.947,7,0.012289445190682,0.012289445190682,0.0196379672149423,0.0152892777443018,0.0153249517907157,0.0158500187985821,0.878,1.03426222901298
0.019,Inf,0.4639565,0.322870531257107,346.14,725.947,7.5,0.012530311756065,0.012530311756065,0.0203204383850402,0.0159681575165119,0.0160052388650454,0.0169116455484006,0.889,1.05663187478787
0.019,Inf,0.4639565,0.322870531257107,346.14,725.947,8,0.0142670452789703,0.0142670452789703,0.0221327135694602,0.0168916564902078,0.0169291176373596,0.0180214461912959,0.893,1.06452365547544
0.019,Inf,0.4639565,0.322870531257107,346.14,725.947,8.5,0.014734802280699,0.014734802280699,0.0236417058493936,0.0184646487407956,0.0184975137581566,0.0192551611073477,0.875,1.04095941536235
0.019,Inf,0.4639565,0.322870531257107,346.14,725.947,9,0.0167986711873562,0.0167986711873562,0.0262479937319951,0.020152382127106,0.0201784288358689,0.0205813836430642,0.855,1.01996958288839
0.019,Inf,0.4639565,0.322870531257107,346.14,725.947,9.5,0.0174887166756979,0.0174887166756979,0.0280474913116011,0.0219084910944357,0.0219382735363852,0.022101647189257,0.863,1.00744696945276
0.019,Inf,0.4639565,0.322870531257107,346.14,725.947,10,0.0204583049641358,0.0204583049641358,0.0318925288896153,0.0244536620898844,0.0244783648824156,0.0236609961213304,0.835,0.966608522872684
0.019,Inf,0.4639565,0.322870531257107,346.14,725.947,10.5,0.0212623378773603,0.0212623378773603,0.034725180833843,0.0274289398292801,0.0274682667383596,0.0256543449759477,0.854,0.933963006123034
0.019,Inf,0.4639565,0.322870531257107,346.14,725.947,11,0.024286003523838,0.024286003523838,0.0389983544242055,0.0305010314186152,0.0305285714423455,0.0280012712505279,0.848,0.917215248784555
0.019,Inf,0.4639565,0.322870531257107,346.14,725.947,11.5,0.0247785560971696,0.0247785560971696,0.0425734941047144,0.0346009384981658,0.0346370507304949,0.0305584809838463,0.855,0.88224835369549
0.019,Inf,0.4639565,0.322870531257107,346.14,725.947,12,0.0276947025898838,0.0276947025898838,0.0475756078160915,0.0386738100442581,0.0387032278676574,0.0337990847234374,0.857,0.873288523608694
0.019,Inf,0.4639565,0.322870531257107,346.14,725.947,12.5,0.028458143778727,0.028458143778727,0.0536700945930668,0.045513626178976,0.0455267590773836,0.037009632642777,0.867,0.812920431693156
0.019,Inf,0.4639565,0.322870531257107,346.14,725.947,13,0.0317905714588197,0.0317905714588197,0.0631655533465338,0.054594143307962,0.0546097878115298,0.0406860958095809,0.855,0.745033032356717
0.03,Inf,0.407069,0.434009352221483,514.662,671.2,1,0.00126916063589453,0.00126916063589453,0.00585203392318175,0.00570864975060817,0.00571561024903594,0.00547919926160844,0.931,0.958637664724012
0.03,Inf,0.407069,0.434009352221483,514.662,671.2,4,0.00626910862434465,0.00626910862434465,0.0130486749174354,0.0114306116227399,0.0114497725500782,0.0112222645453168,0.904,0.980129910549197
0.03,Inf,0.407069,0.434009352221483,514.662,671.2,7,0.0113742480585715,0.0113742480585715,0.0192442976487533,0.0154928577664822,0.0155309588815267,0.0160560096895634,0.895,1.03380672191858
0.03,Inf,0.407069,0.434009352221483,514.662,671.2,7.5,0.0115968804570937,0.0115968804570937,0.0201571364014339,0.0164563391359697,0.01649529042412,0.0169960587565304,0.895,1.03035826102692
0.03,Inf,0.407069,0.434009352221483,514.662,671.2,8,0.0128606467920896,0.0128606467920896,0.0216998425892279,0.0174319371059801,0.0174869301254278,0.0179823671425116,0.899,1.02833184632924
0.03,Inf,0.407069,0.434009352221483,514.662,671.2,8.5,0.0132221611579533,0.0132221611579533,0.0229787557478769,0.0187505787721412,0.018802957779428,0.019085845505363,0.896,1.01504485247765
0.03,Inf,0.407069,0.434009352221483,514.662,671.2,9,0.0148469666722854,0.0148469666722854,0.0250796381542163,0.0201814644896278,0.0202228780190615,0.0202178725192014,0.882,0.999752483308487
0.03,Inf,0.407069,0.434009352221483,514.662,671.2,9.5,0.015579318998006,0.015579318998006,0.0267410459738103,0.0216959752640648,0.0217449120608094,0.0215087047502698,0.877,0.989137352688341
0.03,Inf,0.407069,0.434009352221483,514.662,671.2,10,0.0179817158643919,0.0179817158643919,0.0298469483593823,0.0237944075850845,0.0238341412101871,0.0229195333527386,0.859,0.961626145897902
0.03,Inf,0.407069,0.434009352221483,514.662,671.2,10.5,0.018645336693184,0.018645336693184,0.0325544671089387,0.026640240748837,0.0266993933629723,0.0247074378913404,0.862,0.925393231053918
0.03,Inf,0.407069,0.434009352221483,514.662,671.2,11,0.0210087977397023,0.0210087977397023,0.03556595085339,0.0286776137748098,0.0287122216017385,0.0266565581205879,0.867,0.928404582910223
0.03,Inf,0.407069,0.434009352221483,514.662,671.2,11.5,0.0212351691370056,0.0212351691370056,0.0383820956510053,0.0319572953353233,0.031988687600777,0.0288177292881681,0.878,0.900872509926545
0.03,Inf,0.407069,0.434009352221483,514.662,671.2,12,0.0233097905930511,0.0233097905930511,0.0423204790198745,0.0353161689935497,0.0353401405276247,0.0315683678583964,0.877,0.893272278691705
0.03,Inf,0.407069,0.434009352221483,514.662,671.2,12.5,0.0240320488808515,0.0240320488808515,0.0475434301000768,0.0410323479586936,0.0410429396506198,0.0341713805308682,0.888,0.832576341308734
0.03,Inf,0.407069,0.434009352221483,514.662,671.2,13,0.0266288572206569,0.0266288572206569,0.0553779939245744,0.0485841939780297,0.0485796887638492,0.0372489737037632,0.887,0.766760237695928
0.04,Inf,0.3614035,0.509736053288496,651.02,626.173,1,0.00135502175672352,0.00135502175672352,0.0062208821997772,0.00606419546531491,0.00607455278797416,0.00586534981409711,0.937,0.965560761231476
0.04,Inf,0.3614035,0.509736053288496,651.02,626.173,4,0.00578126089584841,0.00578126089584841,0.013028120730813,0.0116620145505149,0.0116809844460303,0.01166183342849,0.909,0.998360496272482
0.04,Inf,0.3614035,0.509736053288496,651.02,626.173,7,0.0100365573547188,0.0100365573547188,0.0189345905210316,0.0160161468530777,0.0160637566883815,0.0161314770933036,0.905,1.00421572651004
0.04,Inf,0.3614035,0.509736053288496,651.02,626.173,7.5,0.0103418481636164,0.0103418481636164,0.0196923596443626,0.0167081426076592,0.0167665238271047,0.0169709313852749,0.9,1.01219140951804
0.04,Inf,0.3614035,0.509736053288496,651.02,626.173,8,0.0117188108781127,0.0117188108781127,0.0210766122634258,0.0174561180606554,0.0175271291534633,0.0178400290683017,0.9,1.01785231980085
0.04,Inf,0.3614035,0.509736053288496,651.02,626.173,8.5,0.0119015998838419,0.0119015998838419,0.0218409819519656,0.018260516900917,0.018322557926228,0.0188054838141128,0.91,1.02635690332262
0.04,Inf,0.3614035,0.509736053288496,651.02,626.173,9,0.0134393554866622,0.0134393554866622,0.0237540281546908,0.0195498599034999,0.0195964690512409,0.0198097483691698,0.889,1.01088355853145
0.04,Inf,0.3614035,0.509736053288496,651.02,626.173,9.5,0.0139258274131572,0.0139258274131572,0.0253692189317555,0.0211649719269328,0.0212160014796635,0.0209296086437885,0.892,0.986501092764839
0.04,Inf,0.3614035,0.509736053288496,651.02,626.173,10,0.0159209864175554,0.0159209864175554,0.0277873873785167,0.0227534271771499,0.0227855276235783,0.0221420907631962,0.866,0.971761160372856
0.04,Inf,0.3614035,0.509736053288496,651.02,626.173,10.5,0.0162824411757538,0.0162824411757538,0.0299191145811423,0.0250619643022252,0.0251130681691925,0.0237024179977841,0.872,0.943828043554673
0.04,Inf,0.3614035,0.509736053288496,651.02,626.173,11,0.0185197087824702,0.0185197087824702,0.0330381640213779,0.0273501115428519,0.0273731612802474,0.0253469103987992,0.877,0.925976730977348
0.04,Inf,0.3614035,0.509736053288496,651.02,626.173,11.5,0.0185523014940231,0.0185523014940231,0.0354604941096033,0.0302203991437597,0.0302352927006963,0.0272326262517405,0.888,0.900690015516645
0.04,Inf,0.3614035,0.509736053288496,651.02,626.173,12,0.0198220201407952,0.0198220201407952,0.038230453011578,0.0326958071068001,0.0327066473333507,0.0295744522633755,0.9,0.904233685646486
0.04,Inf,0.3614035,0.509736053288496,651.02,626.173,12.5,0.0198919453850615,0.0198919453850615,0.0424802127386328,0.037532543087564,0.0375538183463362,0.0319066781026885,0.903,0.849625404491027
0.04,Inf,0.3614035,0.509736053288496,651.02,626.173,13,0.0210620445283341,0.0210620445283341,0.0467096099702319,0.0416826669664076,0.0417123226603288,0.0347921498040491,0.899,0.834097637941864
0.055,Inf,0.3027575,0.593912632332175,828.187,566.298,1,0.00155923678390616,0.00155923678390616,0.00674879195086231,0.00655734273170369,0.0065694848792974,0.00637806885109374,0.942,0.97086285580672
0.055,Inf,0.3027575,0.593912632332175,828.187,566.298,4,0.00548464100931105,0.00548464100931105,0.0133215450653486,0.0121224543620529,0.012146184822109,0.0121649775735455,0.928,1.00154721434852
0.055,Inf,0.3027575,0.593912632332175,828.187,566.298,7,0.0089985735311006,0.0089985735311006,0.018160718658614,0.0157306868071442,0.0157824732873454,0.0160704252070717,0.914,1.01824504401076
0.055,Inf,0.3027575,0.593912632332175,828.187,566.298,7.5,0.00896605280289687,0.00896605280289687,0.0186492178050871,0.0163198884486759,0.0163606507440876,0.016764501733279,0.918,1.02468428643263
0.055,Inf,0.3027575,0.593912632332175,828.187,566.298,8,0.0100223882162269,0.0100223882162269,0.0197924133158806,0.0170412482434534,0.0170757999007992,0.0175013791118949,0.906,1.02492294437555
0.055,Inf,0.3027575,0.593912632332175,828.187,566.298,8.5,0.010154448469314,0.010154448469314,0.0205292645259046,0.0178298145349442,0.0178509533300999,0.0182787336267094,0.914,1.02396400285738
0.055,Inf,0.3027575,0.593912632332175,828.187,566.298,9,0.0111437265134844,0.0111437265134844,0.0217127983282548,0.0186427311853085,0.0186443176656413,0.0190893531301483,0.909,1.02386976410121
0.055,Inf,0.3027575,0.593912632332175,828.187,566.298,9.5,0.0112588754304607,0.0112588754304607,0.0226873626428987,0.0197030047928724,0.0197064073392891,0.0199804514071159,0.907,1.01390634340946
0.055,Inf,0.3027575,0.593912632332175,828.187,566.298,10,0.0129276805324278,0.0129276805324278,0.024804870118612,0.0211873724697262,0.0211803036549436,0.0208274551161182,0.888,0.983340723316636
0.055,Inf,0.3027575,0.593912632332175,828.187,566.298,10.5,0.0132500888578354,0.0132500888578354,0.0263833501114901,0.0228108619420036,0.0228262424790118,0.0221404556694913,0.886,0.969956211139394
0.055,Inf,0.3027575,0.593912632332175,828.187,566.298,11,0.0148003207647604,0.0148003207647604,0.0291354064446918,0.0251169070718266,0.0251088204984705,0.0233969176962077,0.882,0.931820660298754
0.055,Inf,0.3027575,0.593912632332175,828.187,566.298,11.5,0.014588968787235,0.014588968787235,0.0314495748721543,0.0278688787851264,0.0278749845583536,0.0248554971304877,0.896,0.891677521056744
0.055,Inf,0.3027575,0.593912632332175,828.187,566.298,12,0.0151806682384136,0.0151806682384136,0.032703764317755,0.0289754046343555,0.0289814326047266,0.026837314888294,0.908,0.926017538688448
0.055,Inf,0.3027575,0.593912632332175,828.187,566.298,12.5,0.015060248379821,0.015060248379821,0.0346291585115815,0.0311892370229626,0.0311984114793874,0.0285757677669778,0.915,0.915936626640675
0.055,Inf,0.3027575,0.593912632332175,828.187,566.298,13,0.0169594840635678,0.0169594840635678,0.0411868957691115,0.0375362628244704,0.0375519164600565,0.0301407099551001,0.92,0.802641057938025
0.07,81.4563393036053,0.302063,0.657738793271096,918.116,477.758,1,0.00114805216416834,0.00114805216416834,0.00691800861925316,0.00683237245125966,0.00682549682377047,0.00686897344509966,0.945,1.0063697372443
0.07,81.4563393036053,0.302063,0.657738793271096,918.116,477.758,4,0.00502387430791228,0.00502387430791228,0.0134538285474504,0.0125084919493186,0.012486877577446,0.0126930545850293,0.93,1.01651149427105
0.07,81.4563393036053,0.302063,0.657738793271096,918.116,477.758,7,0.0089483595029691,0.0089483595029691,0.0179447441131764,0.0155980538409018,0.0155622262668096,0.0162596476727123,0.919,1.04481501514922
0.07,81.4563393036053,0.302063,0.657738793271096,918.116,477.758,7.5,0.00879991744463919,0.00879991744463919,0.0183112384826361,0.0161091080383654,0.0160661454233513,0.0168939120002383,0.921,1.05152241281745
0.07,81.4563393036053,0.302063,0.657738793271096,918.116,477.758,8,0.00938319508275557,0.00938319508275557,0.0190606720753191,0.0166521664481056,0.0165994099416881,0.0175170861583099,0.916,1.05528366489204
0.07,81.4563393036053,0.302063,0.657738793271096,918.116,477.758,8.5,0.0096505816101009,0.0096505816101009,0.0201785514335117,0.0177730259499492,0.0177300470137213,0.0181856930307447,0.916,1.02569908679152
0.07,81.4563393036053,0.302063,0.657738793271096,918.116,477.758,9,0.0109914785276278,0.0109914785276278,0.0217762051781099,0.0188372041372447,0.0188080901739605,0.0189263208067942,0.903,1.00628615833613
0.07,81.4563393036053,0.302063,0.657738793271096,918.116,477.758,9.5,0.0109052140751402,0.0109052140751402,0.0224112399847485,0.0195865291889179,0.0195888669232473,0.0197521596687882,0.91,1.00833599749187
0.07,81.4563393036053,0.302063,0.657738793271096,918.116,477.758,10,0.0117851503751098,0.0117851503751098,0.023900982841066,0.0208026214469013,0.0208038460726953,0.0206701277610316,0.899,0.993572423522245
0.07,81.4563393036053,0.302063,0.657738793271096,918.116,477.758,10.5,0.0114866791887962,0.0114866791887962,0.0245945998165828,0.0217552333112724,0.0217583079607962,0.0216940052718887,0.899,0.997044683390668
0.07,81.4563393036053,0.302063,0.657738793271096,918.116,477.758,11,0.0126586238600898,0.0126586238600898,0.0266595016003537,0.0234282644654341,0.0234742264378377,0.022739612995274,0.888,0.968705531383153
0.07,81.4563393036053,0.302063,0.657738793271096,918.116,477.758,11.5,0.0122860161339814,0.0122860161339814,0.027814128158219,0.024907335545267,0.0249660336375839,0.0239984638442758,0.904,0.961244553005346
0.07,81.4563393036053,0.302063,0.657738793271096,918.116,477.758,12,0.0139603463402509,0.0139603463402509,0.031110000513037,0.0277433313870808,0.0278157253466086,0.0251702684977769,0.9,0.904893479646244
0.07,81.4563393036053,0.302063,0.657738793271096,918.116,477.758,12.5,0.0133804102950648,0.0133804102950648,0.0332345710487432,0.0303979264656125,0.0304372758454263,0.0269289881703661,0.915,0.884737133083891
0.07,81.4563393036053,0.302063,0.657738793271096,918.116,477.758,13,0.0135912613428181,0.0135912613428181,0.0341055909857042,0.0312227112610879,0.0312961403370345,0.0287140786686234,0.926,0.917495843238035
0.1,31.404945,0.3039715,0.743508357188505,1034.996,357.061,1,0.0010631914839777,0.0010631914839777,0.00770100343763651,0.00763815650547089,0.00763107535842837,0.00768811555566429,0.942,1.00747472597986
0.1,31.404945,0.3039715,0.743508357188505,1034.996,357.061,4,0.00439105891077121,0.00439105891077121,0.0137835570610957,0.0131341436231223,0.0130719517602169,0.0134282074896315,0.944,1.02725344584722
0.1,31.404945,0.3039715,0.743508357188505,1034.996,357.061,7,0.00695256646757184,0.00695256646757184,0.0174860121252766,0.0161799358210866,0.0160524178764133,0.0163283552851873,0.927,1.01718977233825
0.1,31.404945,0.3039715,0.743508357188505,1034.996,357.061,7.5,0.00662284835691534,0.00662284835691534,0.0177582803466294,0.0166048940646242,0.0164853318643413,0.0168003843367436,0.931,1.01911107856335
0.1,31.404945,0.3039715,0.743508357188505,1034.996,357.061,8,0.00723159017747388,0.00723159017747388,0.0182770140431099,0.016925966056114,0.0167939090511506,0.0172953622791675,0.923,1.02985923208763
0.1,31.404945,0.3039715,0.743508357188505,1034.996,357.061,8.5,0.00715070030785279,0.00715070030785279,0.0185995673599562,0.0172778048522569,0.0171786640220479,0.01781117249727,0.938,1.03681942172047
0.1,31.404945,0.3039715,0.743508357188505,1034.996,357.061,9,0.00772635073851731,0.00772635073851731,0.0190962087702427,0.0175564402149331,0.0174720911063827,0.0183330314447938,0.93,1.04927517451512
0.1,31.404945,0.3039715,0.743508357188505,1034.996,357.061,9.5,0.00748481019303597,0.00748481019303597,0.0197413073499162,0.0183101021901233,0.0182765112404201,0.0189346231799783,0.923,1.03600861952815
0.1,31.404945,0.3039715,0.743508357188505,1034.996,357.061,10,0.00813693185460498,0.00813693185460498,0.0207204584859674,0.0190858368937727,0.0190654459977548,0.0196044157681068,0.929,1.02826945513971
0.1,31.404945,0.3039715,0.743508357188505,1034.996,357.061,10.5,0.00760631848918137,0.00760631848918137,0.0212115884164336,0.0197987108389164,0.0198108018530139,0.020297889656154,0.93,1.02458698071658
0.1,31.404945,0.3039715,0.743508357188505,1034.996,357.061,11,0.00875819050490121,0.00875819050490121,0.0233884909335485,0.0216929267164737,0.0216976126249447,0.0208241260858064,0.92,0.959742735100076
0.1,31.404945,0.3039715,0.743508357188505,1034.996,357.061,11.5,0.00861684976514281,0.00861684976514281,0.0253784752620113,0.023895190180914,0.0238827823765055,0.0217466445713554,0.928,0.910557414480674
0.1,31.404945,0.3039715,0.743508357188505,1034.996,357.061,12,0.00939284125388168,0.00939284125388168,0.0294396727325053,0.0279295479682339,0.0279150158855101,0.0226343234365416,0.929,0.810829681393464
0.1,31.404945,0.3039715,0.743508357188505,1034.996,357.061,12.5,0.00935162785233363,0.00935162785233363,0.0313523234371466,0.0299568889127186,0.029940134486538,0.0236921725641874,0.929,0.791318174433725
0.1,31.404945,0.3039715,0.743508357188505,1034.996,357.061,13,0.00818746197936123,0.00818746197936123,0.0252292484494622,0.0238719168854294,0.023875730232924,0.0252490405059011,0.945,1.0575190898699
0.3,10.3630995,0.2892795,0.911518460973797,1295.66,125.781,1,0.00108634080465436,0.00108634080465436,0.0106067969727855,0.0105704607760717,0.0105562986467395,0.0106945629813153,0.943,1.01309780437279
0.3,10.3630995,0.2892795,0.911518460973797,1295.66,125.781,4,0.00170289514027847,0.00170289514027847,0.0126826480508264,0.0126944472987109,0.0125740931100372,0.0131223721372149,0.948,1.04360386251157
0.3,10.3630995,0.2892795,0.911518460973797,1295.66,125.781,7,0.00129638615284851,0.00129638615284851,0.0123122368392146,0.0122654505301893,0.0122499232465825,0.0124763010862283,0.944,1.01847993943219
0.3,10.3630995,0.2892795,0.911518460973797,1295.66,125.781,7.5,0.0010821470776732,0.0010821470776732,0.0124342105293877,0.0124002360144991,0.0123932296570648,0.0124574952301295,0.946,1.00518553878553
0.3,10.3630995,0.2892795,0.911518460973797,1295.66,125.781,8,0.00137644332145758,0.00137644332145758,0.0127451264288732,0.0126940458089804,0.0126769221748264,0.0125194479861411,0.94,0.987577884717316
0.3,10.3630995,0.2892795,0.911518460973797,1295.66,125.781,8.5,0.00089393221338362,0.00089393221338362,0.0130473752344494,0.0130172537310649,0.0130232288698539,0.0127189386284556,0.939,0.976634808123303
0.3,10.3630995,0.2892795,0.911518460973797,1295.66,125.781,9,0.000706637062063502,0.000706637062063502,0.0133514664705135,0.0133146231567331,0.0133394250714565,0.0130492404677484,0.948,0.978246093654444
0.3,10.3630995,0.2892795,0.911518460973797,1295.66,125.781,9.5,0.000573561930586457,0.000573561930586457,0.0143961426905347,0.0143625741486616,0.0143919101635667,0.0135941683392466,0.944,0.944570122016212
0.3,10.3630995,0.2892795,0.911518460973797,1295.66,125.781,10,8.8757768715916e-05,8.8757768715916e-05,0.0164383496553587,0.0164041964590874,0.0164463352572455,0.0143727796931444,0.929,0.873919901809883
0.3,10.3630995,0.2892795,0.911518460973797,1295.66,125.781,10.5,0.00259247816427291,0.00259247816427291,0.0204551670891565,0.0202864054505856,0.0203003700122858,0.0140171266833712,0.836,0.690486265762054
0.3,10.3630995,0.2892795,0.911518460973797,1295.66,125.781,11,0.00880853780413718,0.00880853780413718,0.0221178445338386,0.0202864054505856,0.020298293753551,0.0140171266833712,0.731,0.690556893774339
0.3,10.3630995,0.2892795,0.911518460973797,1295.66,125.781,11.5,0.0142177665076705,0.0142177665076705,0.0247726005416467,0.0202864054505856,0.0202965219170992,0.0140171266833712,0.592,0.690617177693002
0.3,10.3630995,0.2892795,0.911518460973797,1295.66,125.781,12,0.0189283587005301,0.0189283587005301,0.0277445213479023,0.0202864054505856,0.0202950139028676,0.0140171266833712,0.483,0.690668493771798
0.3,10.3630995,0.2892795,0.911518460973797,1295.66,125.781,12.5,0.0230334890701685,0.0230334890701685,0.0306914545037833,0.0202864054505856,0.0202937329342986,0.0140171266833712,0.398,0.69071208972504
0.3,10.3630995,0.2892795,0.911518460973797,1295.66,125.781,13,0.0266134729440106,0.0266134729440106,0.0334612708028461,0.0202864054505856,0.0202926462811755,0.0140171266833712,0.319,0.690749076741865
