"lambda","borne_a","pp_age_class","time_t","censoring_rate","pct_cancer","n_deaths_cancer","n_deaths_other","absolute_bias","bias","rmse","estimate_sd","estimation_error_sd","mean_se","ecr","mean_n_patients","mean_n_at_risk","sd_n_at_risk","med_n_at_risk","iqr_n_at_risk","mean_cum_cancer","sd_cum_cancer","med_cum_cancer","iqr_cum_cancer","mean_cum_other","sd_cum_other","med_cum_other","iqr_cum_other","mean_cum_total_deaths","sd_cum_total_deaths","med_cum_total_deaths","iqr_cum_total_deaths","mean_cum_censored","sd_cum_censored","med_cum_censored","iqr_cum_censored","se_calibration_ratio"
1e-04,Inf,"<65",1,0.920121821368602,0.00706296826190174,0.52,73.275,0.000286779549349855,0.000286779549349855,0.00319254244047812,0.00318122455504667,0.00318122695343447,0.00318211589443841,0.933,923.732,914.918,22.2428869983647,915,30,0.067,0.258026311793153,0,0,8.747,2.92874863526534,9,4,8.814,2.93837336600338,9,4,0,0,0,0,1.0002794333812
1e-04,Inf,"<65",4,0.920121821368602,0.00706296826190174,0.52,73.275,0.00130248167840036,0.00130248167840036,0.0068515760585503,0.00673002605195482,0.0067300021465393,0.00684157765841417,0.936,923.732,885.394,22.1288601254211,885,31,0.291,0.557341573570131,0,0,38.047,6.0346671994575,38,8,38.338,6.07211879220315,38,8,0,0,0,0,1.0165788226282
1e-04,Inf,"<65",7,0.920121821368602,0.00706296826190174,0.52,73.275,0.00244344000196921,0.00244344000196921,0.0101894896645925,0.00989717127723962,0.00989713361713634,0.00972853562375384,0.931,923.732,849.937,21.9305718343362,850,30,0.52,0.748438481212825,0,1,73.275,8.64210975752224,73,12,73.795,8.66833981308504,74,12,0,0,0,0,0.982964967443647
1e-04,Inf,">=65",1,0.664959650935437,0.00208524211994746,0.752,359.832,0.0025325885779902,0.0025325885779902,0.00725350196565789,0.0068003942267503,0.00680040670782478,0.00684955791527158,0.917,1076.268,1025.868,22.760285732095,1026,30,0.129,0.34710154058932,0,0,50.271,6.88061784303575,50,9,50.4,6.88501295593577,50,9,0,0,0,0,1.00722768645444
1e-04,Inf,">=65",4,0.664959650935437,0.00208524211994746,0.752,359.832,0.011962271206439,0.011962271206439,0.0199493982315358,0.0159729713699174,0.0159730302409744,0.0160765593407744,0.86,1076.268,872.247,22.3748211975788,872,32,0.473,0.689743971881413,0,1,203.548,13.2726734254957,203,19,204.021,13.28318493442,204,19,0,0,0,0,1.00648149400822
1e-04,Inf,">=65",7,0.664959650935437,0.00208524211994746,0.752,359.832,0.0246068650655812,0.0246068650655812,0.0356956712347137,0.0258717939907299,0.0258718474220546,0.0267049884808995,0.847,1076.268,715.684,21.5314594894946,715,28,0.752,0.849245086660628,1,1,359.832,16.6344365844017,360,22,360.584,16.6505310481133,360,23,0,0,0,0,1.03220261179087
1e-04,Inf,"Overall",1,0.7828105,0.00292552904466227,1.272,433.107,0.00151222980543294,0.00151222980543294,0.00420664768865743,0.00392736254722227,0.00392739993663868,0.0039751871085803,0.911,2000,1940.786,7.41452487885631,1941,10,0.196,0.426339965011217,0,0,59.018,7.41232882558637,59,10,59.214,7.41452487885631,59,10,0,0,0,0,1.01216763576732
1e-04,Inf,"Overall",4,0.7828105,0.00292552904466227,1.272,433.107,0.00711120189291048,0.00711120189291048,0.011586708319374,0.00915229603999679,0.00915239770225363,0.00920005576305164,0.863,2000,1757.641,14.3697811260161,1758,19,0.764,0.888309120235233,1,1,241.595,14.3593581390731,242,19.25,242.359,14.3697811260161,242,19,0,0,0,0,1.00520716672815
1e-04,Inf,"Overall",7,0.7828105,0.00292552904466227,1.272,433.107,0.0145142785292811,0.0145142785292811,0.0205132868441227,0.0145029460182922,0.0145031374854074,0.0150212951743409,0.827,2000,1565.621,17.7573275489777,1565,23,1.272,1.15557403542627,1,2,433.107,17.7141000431955,433,23,434.379,17.7573275489777,435,23,0,0,0,0,1.03572728242113
2e-04,Inf,"<65",1,0.919613184111176,0.0137468288230265,1.02,73.246,0.000285309582814495,0.000285309582814495,0.0032259877507206,0.00321494901594562,0.00321495432955037,0.00319594932511061,0.934,923.732,914.841,22.2481167224936,915,31,0.144,0.378691704962503,0,0,8.747,2.92874863526534,9,4,8.891,2.96848967169012,9,4,0,0,0,0,0.994088561611878
2e-04,Inf,"<65",4,0.919613184111176,0.0137468288230265,1.02,73.246,0.00128783037927598,0.00128783037927598,0.00687959690638032,0.00676141321431681,0.00676136543688201,0.00686773530684394,0.938,923.732,885.089,22.156850069561,885,30,0.604,0.812307727307727,0,1,38.039,6.03406072963215,38,8,38.643,6.0966154315095,38,8,0,0,0,0,1.01573201019157
2e-04,Inf,"<65",7,0.919613184111176,0.0137468288230265,1.02,73.246,0.00246757784137547,0.00246757784137547,0.0102162106437918,0.00991876695664331,0.0099186894252715,0.00975668060550001,0.928,923.732,849.466,21.881948351636,850,30,1.02,1.04914284094241,1,2,73.246,8.6451270795878,73,12,74.266,8.70051394705755,74,12,0,0,0,0,0.983666307833098
2e-04,Inf,">=65",1,0.664453492950347,0.00403642946933617,1.46,359.669,0.00253066294482887,0.00253066294482887,0.00726322047338445,0.00681147270780243,0.00681149860294187,0.00685730922608269,0.913,1076.268,1025.745,22.7726275947148,1026,30,0.253,0.503233786866745,0,0,50.27,6.87898396715826,50,9,50.523,6.89383753768509,50,9,0,0,0,0,1.00672548374612
2e-04,Inf,">=65",4,0.664453492950347,0.00403642946933617,1.46,359.669,0.0119586239799524,0.0119586239799524,0.0199883257091481,0.0160242760726761,0.0160243957271255,0.0160868111955994,0.864,1076.268,871.845,22.4198488983451,872,31,0.919,0.928062659684302,1,1,203.504,13.2653667101198,203,19,204.423,13.3138773589939,204,19,0,0,0,0,1.00389502790225
2e-04,Inf,">=65",7,0.664453492950347,0.00403642946933617,1.46,359.669,0.0246181748758429,0.0246181748758429,0.0357718381540954,0.0259661048009894,0.0259662110216341,0.0267088423039916,0.846,1076.268,715.139,21.5448336929961,714,28,1.46,1.18313135356975,1,1,359.669,16.6190141293228,359,22,361.129,16.6991383077158,361,22,0,0,0,0,1.02859990938758
2e-04,Inf,"Overall",1,0.7823025,0.00569168645239911,2.48,432.915,0.00151060389963683,0.00151060389963683,0.00422998584616832,0.00395295754513987,0.00395303460644934,0.00398140830666563,0.912,2000,1940.586,7.46151983702237,1941,10,0.397,0.635448498931892,0,1,59.017,7.41131827940473,59,10,59.414,7.46151983702237,59,10,0,0,0,0,1.00717770094145
2e-04,Inf,"Overall",4,0.7823025,0.00569168645239911,2.48,432.915,0.00710267904012352,0.00710267904012352,0.0116181413957543,0.00919859008901753,0.00919879218824151,0.00920954245501483,0.861,2000,1756.934,14.4427226046974,1757,19,1.523,1.25500838485089,1,1,241.543,14.3534725127118,241,19.25,243.066,14.4427226046974,243,19,0,0,0,0,1.00116866068429
2e-04,Inf,"Overall",7,0.7823025,0.00569168645239911,2.48,432.915,0.0145293436323614,0.0145293436323614,0.0205661683667608,0.0145625000910776,0.0145628820099302,0.015027816223162,0.824,2000,1564.605,17.7877873941753,1564,23,2.48,1.61747216860638,2,2,432.915,17.7118458802149,433,23,435.395,17.7877873941753,436,23,0,0,0,0,1.0319259754295
5e-04,Inf,"<65",1,0.917984776019044,0.0339855980523335,2.579,73.192,0.00028215054574135,0.00028215054574135,0.00326968524078851,0.0032591000180012,0.00325911866888365,0.00323791541607094,0.917,923.732,914.611,22.2486107359466,914,31,0.374,0.642290071958563,0,1,8.747,2.92874863526534,9,4,9.121,3.00789069056813,9,4,0,0,0,0,0.993494175890205
5e-04,Inf,"<65",4,0.917984776019044,0.0339855980523335,2.579,73.192,0.00129612965437452,0.00129612965437452,0.00696034230023214,0.00684215127842394,0.00684201915237989,0.00694132500384012,0.935,923.732,884.218,22.1110690690291,884,30,1.489,1.22530827973224,1,1,38.025,6.03015238097162,38,8,39.514,6.17624076198054,39,9,0,0,0,0,1.01451411480274
5e-04,Inf,"<65",7,0.917984776019044,0.0339855980523335,2.579,73.192,0.00242687992615442,0.00242687992615442,0.0103413730480035,0.0100578179435654,0.0100576043741912,0.00984591133699964,0.924,923.732,847.961,21.8628329011238,848,29,2.579,1.57296955890228,2,3,73.192,8.63746153344498,73,12,75.771,8.82873181750955,76,12,0,0,0,0,0.978951942300017
5e-04,Inf,">=65",1,0.66285251594314,0.0101579822605007,3.688,359.164,0.00251992248777628,0.00251992248777628,0.00729388646347857,0.00684813589841748,0.00684818721018789,0.00688090150022594,0.914,1076.268,1025.37,22.763815393982,1025,29,0.637,0.784759101155792,0,1,50.261,6.87940442227416,50,9,50.898,6.94058843094501,51,9,0,0,0,0,1.00477707297332
5e-04,Inf,">=65",4,0.66285251594314,0.0101579822605007,3.688,359.164,0.0119590218394535,0.0119590218394535,0.0200237931354813,0.0160680870895398,0.0160683627185995,0.0161164581313452,0.862,1076.268,870.646,22.4201102884296,871,32,2.281,1.5186656463308,2,2,203.341,13.248405158329,203,19,205.622,13.3560285826102,205,18,0,0,0,0,1.00299317445019
5e-04,Inf,">=65",7,0.66285251594314,0.0101579822605007,3.688,359.164,0.0245568574269767,0.0245568574269767,0.0356583412515887,0.0258676506179275,0.0258678797222969,0.0267150946678659,0.842,1076.268,713.416,21.5039383221624,713,27.25,3.688,1.92830868233651,3.5,3,359.164,16.5797464393154,359,23,362.852,16.6909761453513,363,22,0,0,0,0,1.03275161917653
5e-04,Inf,"Overall",1,0.7806885,0.0142814005981191,6.267,432.356,0.00150274573375671,0.00150274573375671,0.00426538498349191,0.00399372477628302,0.00399389728618638,0.00400038102437435,0.914,2000,1939.981,7.55060597903577,1940,10,1.011,1.02368302072806,1,2,59.008,7.41329163684344,59,10,60.019,7.55060597903577,60,10,0,0,0,0,1.00162341135071
5e-04,Inf,"Overall",4,0.7806885,0.0142814005981191,6.267,432.356,0.00710451737118183,0.00710451737118183,0.0116727568380521,0.00926581750425292,0.00926633423058654,0.00923688275070005,0.863,2000,1754.864,14.5359828975821,1755,19,3.77,1.99576628969503,4,3,241.366,14.3356742274494,241,19,245.136,14.5359828975821,245,19,0,0,0,0,0.996821668725343
5e-04,Inf,"Overall",7,0.7806885,0.0142814005981191,6.267,432.356,0.0144742097504924,0.0144742097504924,0.0205019573191426,0.0145262285092907,0.0145271657441931,0.0150447455381055,0.83,2000,1561.377,17.807525908418,1561,23,6.267,2.5772763440022,6,3,432.356,17.6669007860288,433,23,438.623,17.807525908418,439,23,0,0,0,0,1.035628408392
0.001,Inf,"<65",1,0.915279578121765,0.0665606919580564,5.215,73.058,0.000279189965470547,0.000279189965470547,0.00331129026050769,0.00330110474731885,0.00330115036710839,0.00330707708776057,0.921,923.732,914.229,22.2229705354487,914,30,0.758,0.90013679307439,1,1,8.745,2.93028352921037,9,4,9.503,3.04881719463242,9,4.25,0,0,0,0,1.00179535010317
0.001,Inf,"<65",4,0.915279578121765,0.0665606919580564,5.215,73.058,0.0012685133909079,0.0012685133909079,0.00708249291233456,0.00697176436426132,0.00697145471269575,0.00706501785288614,0.941,923.732,882.732,22.0528116688667,882,30,3.016,1.76886202765305,3,2,37.984,6.02644688535974,38,8,41,6.30426393354083,41,8,0,0,0,0,1.01342089191514
0.001,Inf,"<65",7,0.915279578121765,0.0665606919580564,5.215,73.058,0.00236184433502976,0.00236184433502976,0.0104418921191923,0.0101766455839219,0.0101763628437013,0.00999194421121017,0.933,923.732,845.459,21.7210525325805,846,29,5.215,2.36820256384106,5,3,73.058,8.62885236245777,73,12,78.273,8.96397366260208,78,12,0,0,0,0,0.981877745976277
0.001,Inf,">=65",1,0.660168522219638,0.020093335160266,7.355,358.389,0.00255950307664397,0.00255950307664397,0.00732370075450991,0.00686522945321101,0.00686532369314592,0.0069165430327405,0.918,1076.268,1024.805,22.7777479308381,1025,29,1.217,1.08124006588735,1,2,50.246,6.87784768577996,50,9,51.463,6.95866754875199,51,9,0,0,0,0,1.00746058625695
0.001,Inf,">=65",4,0.660168522219638,0.020093335160266,7.355,358.389,0.0118721171380815,0.0118721171380815,0.0199917160637831,0.0160923567118488,0.0160928719115313,0.0161677666395831,0.866,1076.268,868.566,22.41245104762,869,32,4.615,2.09932898379034,4.5,3,203.087,13.2285458545309,203,18,207.702,13.4145871031183,208,20,0,0,0,0,1.00465390692621
0.001,Inf,">=65",7,0.660168522219638,0.020093335160266,7.355,358.389,0.0243847578921524,0.0243847578921524,0.035465281955384,0.0257646601224423,0.0257649692481158,0.0267315802397195,0.84,1076.268,710.524,21.3816416254365,710,29,7.355,2.69299595752152,7,4,358.389,16.5623667086256,358,23,365.744,16.825503307823,366,22,0,0,0,0,1.03751648147899
0.001,Inf,"Overall",1,0.7779915,0.0283014244511689,12.57,431.447,0.00152176536873223,0.00152176536873223,0.00430211355358219,0.00402562616516368,0.00402599302163492,0.00403000063143903,0.918,2000,1939.034,7.60859610800407,1939,10,1.975,1.43332809552783,2,2,58.991,7.41538312610393,59,10,60.966,7.60859610800407,61,10,0,0,0,0,1.00099543386751
0.001,Inf,"Overall",4,0.7779915,0.0283014244511689,12.57,431.447,0.00704114712378639,0.00704114712378639,0.0116519923883962,0.00928755846013228,0.00928856561863502,0.00928382527670937,0.867,2000,1751.298,14.6119370620293,1752,20,7.631,2.81153761200944,7,3,241.071,14.3327382724442,241,19,248.702,14.6119370620293,248,20,0,0,0,0,0.999489658347664
0.001,Inf,"Overall",7,0.7779915,0.0283014244511689,12.57,431.447,0.0143421176690029,0.0143421176690029,0.0203707060806323,0.0144716518096348,0.0144733826660454,0.0150763006152303,0.833,2000,1555.983,17.886884906312,1555,22.25,12.57,3.65683913680551,12,5,431.447,17.6555064472223,432,23,444.017,17.886884906312,445,22.25,0,0,0,0,1.04165701709797
0.002,Inf,"<65",1,0.910040370957523,0.123886765797732,10.297,72.817,0.000280614441853529,0.000280614441853529,0.00345552090432938,0.0034457861092179,0.00344583139594639,0.00343735383495168,0.935,923.732,913.474,22.2133914285676,913,30,1.517,1.24950881240281,1,1,8.741,2.92788174137746,9,4,10.258,3.18206875500225,10,4,0,0,0,0,0.997539763261579
0.002,Inf,"<65",4,0.910040370957523,0.123886765797732,10.297,72.817,0.00118592781053641,0.00118592781053641,0.00731508635640433,0.00722230626849257,0.00722192632541338,0.0073061404712238,0.94,923.732,879.744,21.9267701052218,879,31,6.078,2.5358127585345,6,4,37.91,6.01665190119057,38,8,43.988,6.55078382857874,44,8,0,0,0,0,1.01166089793994
0.002,Inf,"<65",7,0.910040370957523,0.123886765797732,10.297,72.817,0.00239269345384967,0.00239269345384967,0.0107549156718408,0.0104912693497465,0.0104906283142021,0.0102659496499911,0.929,923.732,840.618,21.6678926888051,840,29,10.297,3.25905084532482,10,4,72.817,8.63168680021565,72,12,83.114,9.26492540945921,83,12,0,0,0,0,0.978582916343836
0.002,Inf,">=65",1,0.654867521597158,0.0393707700141118,14.63,356.819,0.00253571258092999,0.00253571258092999,0.00742458934310885,0.00698149156786451,0.00698164966557129,0.00699311969657541,0.915,1076.268,1023.57,22.8047178266944,1024,29,2.48,1.59378171031674,2,2,50.218,6.8821391906761,50,9,52.698,7.07989554449223,53,9,0,0,0,0,1.0016428826357
0.002,Inf,">=65",4,0.654867521597158,0.0393707700141118,14.63,356.819,0.0118142125825886,0.0118142125825886,0.0200714015374366,0.0162333004417609,0.0162341950776822,0.016265703373176,0.867,1076.268,864.503,22.3286488520815,865,30,9.183,3.02632940534729,9,4,202.582,13.2328524659041,202,18,211.765,13.6241474005676,212,20,0,0,0,0,1.00194085973114
0.002,Inf,">=65",7,0.654867521597158,0.0393707700141118,14.63,356.819,0.0241636820745789,0.0241636820745789,0.035425672934132,0.0259172227409106,0.0259184594058509,0.0267664364581518,0.843,1076.268,704.819,21.3178021307941,704,28,14.63,3.81781032473795,14,5,356.819,16.5016527518774,356.5,22,371.449,16.8807096224465,371,22,0,0,0,0,1.03271710864534
0.002,Inf,"Overall",1,0.7727185,0.0548195929003057,24.927,429.636,0.00150884241557201,0.00150884241557201,0.00439181537464596,0.00412582133952711,0.00412655610833813,0.00409136345130728,0.914,2000,1937.044,7.79299652218547,1937,10,3.997,2.08406677780112,4,2.25,58.959,7.41648995976691,59,10,62.956,7.79299652218547,63,10,0,0,0,0,0.991471663996102
0.002,Inf,"Overall",4,0.7727185,0.0548195929003057,24.927,429.636,0.00696372030156097,0.00696372030156097,0.0117007665708104,0.00940564650797448,0.00940760548424356,0.0093746595020112,0.872,2000,1744.247,14.8460228814116,1745,20,15.261,4.01983059817675,15,6,240.492,14.3574396071191,241,20,255.753,14.8460228814116,255,20,0,0,0,0,0.996497941767696
0.002,Inf,"Overall",7,0.7727185,0.0548195929003057,24.927,429.636,0.0142286859230434,0.0142286859230434,0.0204097982543314,0.0146357692637426,0.014639627056939,0.0151390078164026,0.843,2000,1545.437,18.1075651293849,1545,24,24.927,5.12288150506284,25,7,429.636,17.6210671074713,430,23,454.563,18.1075651293849,455,24,0,0,0,0,1.03411157658056
0.003,Inf,"<65",1,0.904910597320918,0.173786188392007,15.269,72.582,0.000277649860106921,0.000277649860106921,0.00360435949769689,0.00359542387732256,0.00359544784262119,0.00356322108815007,0.917,923.732,912.715,22.1596666451873,913,29.25,2.28,1.53751876865421,2,2,8.737,2.92889218125376,9,4,11.017,3.32411804254313,11,4,0,0,0,0,0.991036789884948
0.003,Inf,"<65",4,0.904910597320918,0.173786188392007,15.269,72.582,0.00121274957746513,0.00121274957746513,0.00750622782595082,0.00741195191147289,0.00741131717440943,0.00753001662685466,0.944,923.732,876.866,21.9312339603366,877,29.25,9.035,3.07558681136368,9,4,37.831,6.00253858542113,37,8,46.866,6.72750349708592,47,9,0,0,0,0,1.01601597255277
0.003,Inf,"<65",7,0.904910597320918,0.173786188392007,15.269,72.582,0.00250713576332734,0.00250713576332734,0.0111133334379824,0.0108328793504428,0.0108322568357743,0.0105240935284495,0.927,923.732,835.881,21.7415623756559,835,29,15.269,3.93498705501341,15,6,72.582,8.60426111350122,72,12,87.851,9.55521329438025,88,12,0,0,0,0,0.971551329330835
0.003,Inf,">=65",1,0.649515667042942,0.0582063501270759,21.958,355.252,0.00253233542633181,0.00253233542633181,0.00752403221788596,0.00708843598816346,0.00708862375154881,0.00706740026635747,0.914,1076.268,1022.357,22.794234537008,1022,29.25,3.724,1.90090437356471,4,3,50.187,6.87148079006616,50,9,53.911,7.20423347622632,54,9,0,0,0,0,0.997005979448873
0.003,Inf,">=65",4,0.649515667042942,0.0582063501270759,21.958,355.252,0.0117678085444244,0.0117678085444244,0.0201482310261918,0.0163610932504535,0.0163626902794055,0.0163615798269913,0.87,1076.268,860.484,22.2361910450552,861,31,13.716,3.60754187201734,13,5,202.068,13.1997579375385,202,19,215.784,13.7605485608931,216,19,0,0,0,0,0.999932135095438
0.003,Inf,">=65",7,0.649515667042942,0.0582063501270759,21.958,355.252,0.023773449791124,0.023773449791124,0.0351188685394404,0.0258592424648054,0.0258616867075364,0.0267950032987552,0.846,1076.268,699.058,21.1402825796522,698,28,21.958,4.70833350607244,22,6,355.252,16.4812052388812,355,22,377.21,16.8779372188892,377,22,0,0,0,0,1.03608877494239
0.003,Inf,"Overall",1,0.7674695,0.0800337250537632,37.227,427.834,0.00150373933037177,0.00150373933037177,0.00445684374668589,0.00419647604074107,0.00419759979663604,0.00415128626907707,0.909,2000,1935.072,7.93257472336326,1935,10,6.004,2.50963787871523,6,4,58.924,7.40696206869504,59,10,64.928,7.93257472336326,65,10,0,0,0,0,0.988966664331344
0.003,Inf,"Overall",4,0.7674695,0.0800337250537632,37.227,427.834,0.00694565533410831,0.00694565533410831,0.0118158016675389,0.00956106506950169,0.00956360306212663,0.00946222257158459,0.867,2000,1737.35,15.1621037257166,1737,20,22.751,4.80729748498146,23,6,239.899,14.3295546035156,240,19,262.65,15.1621037257166,263,20,0,0,0,0,0.989399341452855
0.003,Inf,"Overall",7,0.7674695,0.0800337250537632,37.227,427.834,0.0140623690735758,0.0140623690735758,0.020341824037612,0.0147002518229183,0.0147056396342614,0.0151975162027135,0.839,2000,1534.939,18.2584953282479,1535,24,37.227,6.17832037390767,37,8,427.834,17.643007672155,428,23,465.061,18.2584953282479,465,24,0,0,0,0,1.03344815871226
0.004,Inf,"<65",1,0.899665172918582,0.219583173630889,20.354,72.341,0.000243946346275877,0.000243946346275877,0.0037108276354115,0.00370466758908185,0.00370465334090095,0.00368953408545778,0.924,923.732,911.93,22.1572571417142,912,30,3.068,1.78172684510015,3,2,8.734,2.92639843627074,9,4,11.802,3.42644663412938,12,5,0,0,0,0,0.995918847446197
0.004,Inf,"<65",4,0.899665172918582,0.219583173630889,20.354,72.341,0.00127810560528571,0.00127810560528571,0.00769960600726987,0.00759703313755603,0.00759658389118025,0.00774233172440313,0.94,923.732,874.03,21.8118512936627,874,29,11.941,3.46143041248853,12,5,37.761,5.97893189680453,37,8,49.702,6.91643210282824,50,9.25,0,0,0,0,1.01918597034018
0.004,Inf,"<65",7,0.899665172918582,0.219583173630889,20.354,72.341,0.00246202698083663,0.00246202698083663,0.0114038325132726,0.0111421623945323,0.0111404635929332,0.0107783133167107,0.928,923.732,831.037,21.8005709993086,831,29.25,20.354,4.44031534920668,20,6,72.341,8.57357715456187,72,12,92.695,9.83365017049497,92,12,0,0,0,0,0.967492351354909
0.004,Inf,">=65",1,0.64426495579776,0.0762216879682772,29.187,353.673,0.00249533199388203,0.00249533199388203,0.00755919158119662,0.00713872466782362,0.00713902383122548,0.00714293266631325,0.915,1076.268,1021.112,22.806393568199,1021,30,5.006,2.16532968682662,5,2,50.15,6.86444612628147,50,9,55.156,7.25053337584444,55,10,0,0,0,0,1.00054753075213
0.004,Inf,">=65",4,0.64426495579776,0.0762216879682772,29.187,353.673,0.0117052704537383,0.0117052704537383,0.0201506492967721,0.0164080768791424,0.0164105032007445,0.0164553365316301,0.868,1076.268,856.462,22.2002569221036,857,30,18.236,4.31473300691027,18,6,201.57,13.1839643854539,202,18,219.806,13.8107603375448,220,20,0,0,0,0,1.00273199001501
0.004,Inf,">=65",7,0.64426495579776,0.0762216879682772,29.187,353.673,0.0234986978134098,0.0234986978134098,0.0349592394574755,0.0258932227759485,0.0258965297824619,0.0268191678040269,0.849,1076.268,693.408,21.1261413857299,693,28,29.187,5.48818286422302,29,8,353.673,16.4033271058081,353,22,382.86,16.9422383243608,382,23,0,0,0,0,1.03562786324328
0.004,Inf,"Overall",1,0.7622225,0.104150355872888,49.541,426.014,0.00146766019521933,0.00146766019521933,0.00447019138075525,0.00422306915979765,0.00422450363509256,0.0042120427872744,0.919,2000,1933.042,7.98824436581957,1933,10,8.074,2.87346146324964,8,4,58.884,7.40252263362574,59,10,66.958,7.98824436581957,67,10,0,0,0,0,0.997050340372618
0.004,Inf,"Overall",4,0.7622225,0.104150355872888,49.541,426.014,0.0069375509289823,0.0069375509289823,0.0118457354378778,0.00960248345842443,0.00960646237130311,0.00954767346163407,0.868,2000,1730.492,15.2216830749965,1731,20,30.177,5.56404795357028,30,7,239.331,14.31371095563,239,19,269.508,15.2216830749965,269,20,0,0,0,0,0.993880274819516
0.004,Inf,"Overall",7,0.7622225,0.104150355872888,49.541,426.014,0.0138886289951893,0.0138886289951893,0.0202603043277587,0.0147507786150536,0.0147581746773506,0.0152525222074342,0.848,2000,1524.445,18.4032511979447,1525,25,49.541,7.21251269249069,49,9,426.014,17.5456448628614,426,23,475.555,18.4032511979447,475,25,0,0,0,0,1.03349652249626
0.005,Inf,"<65",1,0.894650871614633,0.259361474697051,25.244,72.083,0.000211842371298108,0.000211842371298108,0.00388797179305543,0.00388390231211265,0.00388413877292312,0.00380979747780982,0.925,923.732,911.146,22.1237461598199,911,30,3.854,2.00067155892382,4,3,8.732,2.92826753401235,9,4,12.586,3.59381684557234,12,5,0,0,0,0,0.980860288609781
0.005,Inf,"<65",4,0.894650871614633,0.259361474697051,25.244,72.083,0.00133757947354528,0.00133757947354528,0.00800751370298337,0.0078993794162327,0.00789895881783305,0.00794686314714618,0.944,923.732,871.205,21.9004704425637,871,30,14.831,3.87859284824825,15,5,37.696,5.97622784867673,37,8,52.527,7.17347403492406,52,11,0,0,0,0,1.00606463844386
0.005,Inf,"<65",7,0.894650871614633,0.259361474697051,25.244,72.083,0.00262912387531041,0.00262912387531041,0.0117806193639616,0.0114898042833927,0.0114892429232639,0.0110129900103794,0.924,923.732,826.405,21.8153359791658,826,29.25,25.244,4.99513917878325,25,6,72.083,8.55928573961475,72,12,97.327,10.128013015772,97,13,0,0,0,0,0.958547929044116
0.005,Inf,">=65",1,0.639052745290747,0.0935096402809218,36.334,352.136,0.00247013593747349,0.00247013593747349,0.0075698081001478,0.00715872966981451,0.00715902750366721,0.00721665720656641,0.926,1076.268,1019.875,22.6979420118118,1020,30,6.277,2.46867684506607,6,3,50.116,6.8648138845616,50,9,56.393,7.29601142973219,56,9.25,0,0,0,0,1.00804993455741
0.005,Inf,">=65",4,0.639052745290747,0.0935096402809218,36.334,352.136,0.0115081051267205,0.0115081051267205,0.0200680555488974,0.0164449823301724,0.0164487364510719,0.01654987340101,0.882,1076.268,852.365,22.1138598575146,853,30,22.861,4.91445122377167,23,6,201.042,13.1641000273292,201,19,223.903,13.8801386610239,224,20,0,0,0,0,1.00614861513764
0.005,Inf,">=65",7,0.639052745290747,0.0935096402809218,36.334,352.136,0.0232415798084275,0.0232415798084275,0.0348355750973026,0.0259586017081417,0.0259619005592609,0.0268387685838711,0.854,1076.268,687.798,21.1125776952256,688,28,36.334,6.20491296836184,36,8,352.136,16.3958631467919,352,22,388.47,17.0962388080356,388,23,0,0,0,0,1.03377518616592
0.005,Inf,"Overall",1,0.7571015,0.126713272476701,61.578,424.219,0.00143690841120888,0.00143690841120888,0.00449251702381157,0.00425702426932424,0.00425865466627673,0.00427137210759627,0.922,2000,1931.021,8.07575239694586,1931,10,10.131,3.25521664953893,10,4,58.848,7.40700747669123,59,10,68.979,8.07575239694586,69,10,0,0,0,0,1.00298625794203
0.005,Inf,"Overall",4,0.7571015,0.126713272476701,61.578,424.219,0.00685585581226979,0.00685585581226979,0.0118470880445022,0.00966185233360275,0.00966665300897628,0.00963292864049088,0.865,2000,1723.57,15.3573092352452,1723,21,37.692,6.24084001429968,37,9,238.738,14.2953038341867,239,19,276.43,15.3573092352452,277,21,0,0,0,0,0.996511267296541
0.005,Inf,"Overall",7,0.7571015,0.126713272476701,61.578,424.219,0.0138212384878107,0.0138212384878107,0.0203348586498966,0.0149145220850821,0.014923221687017,0.0153041475949125,0.845,2000,1514.203,18.7736581741876,1514,25.25,61.578,8.07843903097481,61,11,424.219,17.5165598468669,424,23,485.797,18.7736581741876,486,25.25,0,0,0,0,1.02552571528351
0.007,Inf,"<65",1,0.884630596476521,0.328062471529691,34.956,71.625,0.000172147794095812,0.000172147794095812,0.00412202473229694,0.00412021187744197,0.004120489226065,0.00403749651315808,0.931,923.732,909.604,22.0615932765043,910,30,5.403,2.41752671866009,5,3,8.725,2.92949773117457,9,4,14.128,3.81761577299107,14,6,0,0,0,0,0.979858529326584
0.007,Inf,"<65",4,0.884630596476521,0.328062471529691,34.956,71.625,0.00125881588899318,0.00125881588899318,0.00845817609332307,0.00837028540095558,0.00836816297252957,0.00834699145569589,0.942,923.732,865.406,21.9553000252604,865,30,20.772,4.48130540111898,20,7,37.554,5.95790068569295,37,8,58.326,7.60746985518823,58,10,0,0,0,0,0.99746999229064
0.007,Inf,"<65",7,0.884630596476521,0.328062471529691,34.956,71.625,0.00287736435969369,0.00287736435969369,0.0121569169361893,0.0118173108336952,0.0118174047400333,0.0114597714716463,0.92,923.732,817.151,21.8170158633389,816,29,34.956,5.79945667262871,35,8,71.625,8.52062063326234,71,11,106.581,10.441765629886,106,13,0,0,0,0,0.969736733550692
0.007,Inf,">=65",1,0.628886322600021,0.12609473197681,50.378,349.035,0.00251935810080903,0.00251935810080903,0.00769656290664965,0.00727592005730646,0.00727618431556659,0.00735494721106912,0.929,1076.268,1017.513,22.5972225166162,1018,31,8.712,2.91917412594343,8.5,4,50.043,6.85727155457425,50,8,58.755,7.44959538978269,58,10,0,0,0,0,1.01082475265697
0.007,Inf,">=65",4,0.628886322600021,0.12609473197681,50.378,349.035,0.0112939884751331,0.0112939884751331,0.0202415870667258,0.016800388717771,0.016806252450348,0.0167281165608745,0.889,1076.268,844.35,22.1187417982746,845,30.25,31.906,5.80214002147732,32,8,200.012,13.1627167831384,200,18,231.918,14.2169405076267,232,20.25,0,0,0,0,0.995350784494976
0.007,Inf,">=65",7,0.628886322600021,0.12609473197681,50.378,349.035,0.0229000916012601,0.0229000916012601,0.034768076234103,0.0261699455283285,0.0261742243379624,0.0268829603259834,0.858,1076.268,676.855,21.0502039440497,677,29,50.378,7.21312312006007,50,10,349.035,16.3165561625303,349,22,399.413,17.3922085981028,399,23,0,0,0,0,1.02707763098802
0.007,Inf,"Overall",1,0.747003,0.168602900293761,85.334,420.66,0.00144194005617812,0.00144194005617812,0.00459746047942232,0.00436562348960287,0.00436766851563871,0.00438330900986427,0.93,2000,1927.117,8.29542796515798,1927,11,14.115,3.8546898232716,14,6,58.768,7.40168635926712,58,10,72.883,8.29542796515798,73,11,0,0,0,0,1.00358097098476
0.007,Inf,"Overall",4,0.747003,0.168602900293761,85.334,420.66,0.00669799800540958,0.00669799800540958,0.0120214636492562,0.00998151059454481,0.00998760047023666,0.00979657283824268,0.877,2000,1709.756,15.9279679860353,1709,22,52.678,7.45680359939297,52,9,237.566,14.2918123378353,238,19.25,290.244,15.9279679860353,291,22,0,0,0,0,0.980873520865873
0.007,Inf,"Overall",7,0.747003,0.168602900293761,85.334,420.66,0.0137405177529794,0.0137405177529794,0.0203596292505332,0.015020837231155,0.015031254562176,0.0154064839582595,0.842,2000,1494.006,19.0383934307605,1494,25,85.334,9.32906616309883,85,12,420.66,17.4294057323876,421,24,505.994,19.0383934307605,506,25,0,0,0,0,1.02496327864926
0.01,Inf,"<65",1,0.869567413176267,0.41099146171486,49.519,70.979,0.00016239992598191,0.00016239992598191,0.00440566736192662,0.00440422455868129,0.00440487617329802,0.00434910366732871,0.932,923.732,907.344,22.0556595030871,908,29,7.678,2.89459750132807,7,4,8.71,2.92651062948086,9,4,16.388,4.08241621128005,16,5,0,0,0,0,0.987338462246137
0.01,Inf,"<65",4,0.869567413176267,0.41099146171486,49.519,70.979,0.00147999578705054,0.00147999578705054,0.00914558869877583,0.00902943780081595,0.00902955912852584,0.00888073130918066,0.935,923.732,857.082,21.9417573753042,856,31,29.292,5.40554862673124,29,7,37.358,5.94804297355149,37,8,66.65,8.20724429140859,67,11,0,0,0,0,0.983517709200773
0.01,Inf,"<65",7,0.869567413176267,0.41099146171486,49.519,70.979,0.00295999922841189,0.00295999922841189,0.0128152645113353,0.012473823814393,0.0124749763165061,0.0120797527088688,0.926,923.732,803.234,21.6786348095817,803,29,49.519,7.07528788804376,49,9,70.979,8.48248262665545,71,12,120.498,11.1050131615103,120,15,0,0,0,0,0.968318688740564
0.01,Inf,">=65",1,0.614063499533202,0.170812905167553,70.955,344.409,0.00247303282499127,0.00247303282499127,0.00783209342093157,0.00743456020124348,0.00743512455025422,0.00756295354322216,0.929,1076.268,1013.865,22.5509050443284,1015,30,12.444,3.46971222191451,12,5,49.959,6.83769501170336,50,9,62.403,7.63025633984939,62,10.25,0,0,0,0,1.01719258259952
0.01,Inf,">=65",4,0.614063499533202,0.170812905167553,70.955,344.409,0.0112125815600236,0.0112125815600236,0.0203524757888486,0.0169867821432248,0.0169938246304667,0.0169738124449642,0.88,1076.268,832.64,22.0678814432059,833,30.25,45.227,6.87377041511569,45,9.25,198.401,13.1038891521148,198,19,243.628,14.4957145992097,243,20,0,0,0,0,0.998822384840514
0.01,Inf,">=65",7,0.614063499533202,0.170812905167553,70.955,344.409,0.0225532562597384,0.0225532562597384,0.0345714870651623,0.0262052692601058,0.0262149876130966,0.0269289963778264,0.857,1076.268,660.904,20.9956090552191,661,28,70.955,8.31071856358059,71,11,344.409,16.3494043323303,344,22,415.364,17.6020833237812,415,23,0,0,0,0,1.02723666229669
0.01,Inf,"Overall",1,0.732069,0.224797515864769,120.474,415.388,0.00141056757080473,0.00141056757080473,0.00472764593336864,0.00451182278892557,0.00451456714602929,0.00454701766577154,0.925,2000,1921.209,8.5925054640745,1921,12,20.122,4.54992503430747,20,6,58.669,7.38213620403572,58,9,78.791,8.5925054640745,79,12,0,0,0,0,1.00718795815692
0.01,Inf,"Overall",4,0.732069,0.224797515864769,120.474,415.388,0.00674908193364957,0.00674908193364957,0.012229307346275,0.0101956109304438,0.0102034288934517,0.0100223804078889,0.879,2000,1689.722,16.4027365328401,1690,22,74.519,8.80915661344718,74,11,235.759,14.219251249841,236,18.25,310.278,16.4027365328401,310,22,0,0,0,0,0.982256113366074
0.01,Inf,"Overall",7,0.732069,0.224797515864769,120.474,415.388,0.0135793148358483,0.0135793148358483,0.0203334778730234,0.0151225926889912,0.0151420544449707,0.0155434872597056,0.853,2000,1464.138,19.3006598714,1464,25,120.474,10.8937595896916,120,14,415.388,17.5338784327054,416,24,535.862,19.3006598714,536,25,0,0,0,0,1.02651111949133
0.014,Inf,"<65",1,0.849588168263219,0.495814025034252,68.892,70.067,0.000191269852936777,0.000191269852936777,0.00473828928303504,0.00473623119670623,0.00473679621806699,0.004724721650156,0.926,923.732,904.377,21.9761193303281,905,30,10.666,3.33249899468095,10,5,8.689,2.92109770665273,8,4,19.355,4.40367657388316,19,6,0,0,0,0,0.997450899858234
0.014,Inf,"<65",4,0.849588168263219,0.495814025034252,68.892,70.067,0.00184398343072398,0.00184398343072398,0.00989580737913108,0.0097268794986017,0.00972735062297143,0.00951984962752781,0.921,923.732,846.183,22.0027187099829,845,31,40.477,6.3567191914445,40,9,37.072,5.96526616341638,37,8,77.549,8.8498541750087,77,12,0,0,0,0,0.978668292787391
0.014,Inf,"<65",7,0.849588168263219,0.495814025034252,68.892,70.067,0.00273413087220236,0.00273413087220236,0.0133571906323878,0.0130848211878274,0.0130809089953169,0.0128210260092818,0.934,923.732,784.773,21.3559253263947,784,29.25,68.892,8.31501506165055,68,11,70.067,8.40411447685835,70,12,138.959,11.8164693520505,138,16,0,0,0,0,0.980132650863317
0.014,Inf,">=65",1,0.594662279075014,0.224355284932729,97.878,338.365,0.00248524954569858,0.00248524954569858,0.00830737994848019,0.00792959937241903,0.00793088868282207,0.00782306593068842,0.929,1076.268,1009.098,22.6035244003079,1009,30,17.317,4.19691852733945,17,6,49.853,6.82729836780282,50,9,67.17,8.14158371481774,67,12,0,0,0,0,0.986404707411014
0.014,Inf,">=65",4,0.594662279075014,0.224355284932729,97.878,338.365,0.0112434116517933,0.0112434116517933,0.0207526519367148,0.0174394691377913,0.0174517282712746,0.0172738174497739,0.884,1076.268,817.429,22.0521031707693,818,31,62.439,7.94817290026157,62,11,196.4,13.0338744002649,196,17.25,258.839,14.9731517815814,259,20,0,0,0,0,0.989805547122027
0.014,Inf,">=65",7,0.594662279075014,0.224355284932729,97.878,338.365,0.0217413993744355,0.0217413993744355,0.034114352618576,0.0262879413683214,0.0263019467003122,0.0269519801145969,0.875,1076.268,640.025,20.9098444900147,641,28,97.878,9.75429455482365,98,14,338.365,16.3552214374575,338,21,436.243,17.9378850124177,436,23.25,0,0,0,0,1.02471427007633
0.014,Inf,"Overall",1,0.712399,0.289934097348613,166.77,408.432,0.00142779205790746,0.00142779205790746,0.00504283700819597,0.00483504119806553,0.00483890793057358,0.00475085377867986,0.923,2000,1913.475,9.21402589931639,1913,13,27.983,5.40258261379675,28,8,58.542,7.3657647593777,58,9,86.525,9.21402589931639,87,13,0,0,0,0,0.981802887519853
0.014,Inf,"Overall",4,0.712399,0.289934097348613,166.77,408.432,0.00692676247254623,0.00692676247254623,0.0126226793391575,0.010547866347824,0.0105576256235446,0.0102995603917377,0.878,2000,1663.612,17.0716401349401,1664,23,102.916,10.2131901604373,102,13,233.472,14.1466371743727,234,19,336.388,17.0716401349401,336,23,0,0,0,0,0.975556508536215
0.014,Inf,"Overall",7,0.712399,0.289934097348613,166.77,408.432,0.0130195165738417,0.0130195165738417,0.0199960783901211,0.0151528770956859,0.0151843967635333,0.0156977973772046,0.864,2000,1424.798,19.3748956792697,1425,25,166.77,12.3078260705367,166.5,17,408.432,17.5531618089018,408.5,23,575.202,19.3748956792697,575,25,0,0,0,0,1.03381106419086
0.019,Inf,"<65",1,0.825246031048904,0.572790200718292,92.466,68.978,0.0002575806189106,0.0002575806189106,0.00511003721123485,0.00510522827846211,0.00510609486101621,0.00514858343710742,0.939,923.732,900.714,21.9952721282551,901,30,14.346,3.79060056622333,14,5,8.672,2.91563319313608,8,4,23.018,4.74638854332473,23,6,0,0,0,0,1.00832114898914
0.019,Inf,"<65",4,0.825246031048904,0.572790200718292,92.466,68.978,0.00188166186807919,0.00188166186807919,0.010620909426257,0.0104571851383972,0.0104581278483802,0.0102484055476429,0.936,923.732,832.398,21.7894096839353,832,31,54.589,7.43325852720947,54,10,36.745,5.92072884280559,37,8,91.334,9.61076536030356,91,13,0,0,0,0,0.979946477631775
0.019,Inf,"<65",7,0.825246031048904,0.572790200718292,92.466,68.978,0.00242823551659725,0.00242823551659725,0.0142293107035282,0.0140325904574921,0.0140276059647604,0.013618692765464,0.934,923.732,762.288,21.3444287963075,762,29,92.466,9.60338841602635,92,13,68.978,8.36142508364629,69,12,161.444,12.7426543247174,161,17,0,0,0,0,0.970849395091106
0.019,Inf,">=65",1,0.571186477612361,0.282269163443532,130.281,331.228,0.00237682880461888,0.00237682880461888,0.00855092893333104,0.00821444675176517,0.00821806589554229,0.00813884178489015,0.925,1076.268,1003.044,22.5646011536926,1003,30,23.538,4.97466614993442,23,7,49.686,6.82935165620017,49.5,9,73.224,8.4339169402452,73,12,0,0,0,0,0.990359762058477
0.019,Inf,">=65",4,0.571186477612361,0.282269163443532,130.281,331.228,0.0106713140123356,0.0106713140123356,0.0205899292896486,0.0175949042981408,0.0176175657804047,0.0176221556189899,0.893,1076.268,798.325,21.9223165510163,798,32,83.98,9.02624357488059,84,12,193.963,12.9829190549424,194,18,277.943,15.2381085096199,278,21,0,0,0,0,1.00026052626352
0.019,Inf,">=65",7,0.571186477612361,0.282269163443532,130.281,331.228,0.0206726888491225,0.0206726888491225,0.0335391912852544,0.0264137863628092,0.0264237677729648,0.0269274440091111,0.88,1076.268,614.759,20.6982447646252,615,27.25,130.281,11.3027337751002,130,15,331.228,16.2068713414613,331,22,461.509,18.3250573457964,461,24,0,0,0,0,1.01906148436037
0.019,Inf,"Overall",1,0.6885235,0.357555279621506,222.747,400.206,0.00139848766490554,0.00139848766490554,0.00525270057074845,0.0050601685686121,0.0050656447065839,0.00499338894706392,0.928,2000,1903.758,9.64906941318905,1904,13.25,37.884,6.25825133002101,38,8,58.358,7.36383473891573,58,10,96.242,9.64906941318905,96,13.25,0,0,0,0,0.985736117768768
0.019,Inf,"Overall",4,0.6885235,0.357555279621506,222.747,400.206,0.00662698790399902,0.00662698790399902,0.0126162495768942,0.0107208366500911,0.0107409567944198,0.010624433743289,0.882,2000,1630.723,17.3996269505417,1631,23,138.569,11.5804726305253,138,15,230.708,14.0478495891036,231,18,369.277,17.3996269505417,369,23,0,0,0,0,0.989151520356987
0.019,Inf,"Overall",7,0.6885235,0.357555279621506,222.747,400.206,0.012289445190682,0.012289445190682,0.0196379672149423,0.0152892777443018,0.0153249517907157,0.0158500187985821,0.878,2000,1377.047,19.9181204565723,1377,25,222.747,14.073274247596,222,19,400.206,17.3591158445038,400,22,622.953,19.9181204565723,623,25,0,0,0,0,1.03426222901298
0.03,Inf,"<65",1,0.774824258631828,0.679751803817505,141.392,66.631,0.000222094528429947,0.000222094528429947,0.00597030926295434,0.00596940323006193,0.00596916222039352,0.00597451715825228,0.937,923.732,892.545,22.0291910940974,893,29,22.557,4.70583636518482,22,7,8.63,2.90543310739407,8,4,31.187,5.5588606685122,31,8,0,0,0,0,1.00089710040723
0.03,Inf,"<65",4,0.774824258631828,0.679751803817505,141.392,66.631,0.00153333793821453,0.00153333793821453,0.012050451467869,0.011966057151482,0.0119584806981199,0.0115949643301889,0.941,923.732,802.5,21.6101596245608,803,31,85.184,9.23186716603805,85,12,36.048,5.88747470129243,36,8,121.232,11.1420968548259,121,15,0,0,0,0,0.969601793312412
0.03,Inf,"<65",7,0.774824258631828,0.679751803817505,141.392,66.631,0.00256101336014235,0.00256101336014235,0.0152760702907095,0.0150823404176944,0.0150674005938824,0.0149758751464603,0.945,923.732,715.709,20.8655623142702,715,28,141.392,11.6280500320367,141,16,66.631,8.26844642035045,67,11,208.023,14.0567443977282,208,18,0,0,0,0,0.993925598058419
0.03,Inf,">=65",1,0.522948576386932,0.384200506580271,197.257,316.167,0.00217154557448454,0.00217154557448454,0.00927175012770134,0.00901214485617064,0.00901837409513412,0.00877221981204819,0.94,1076.268,989.886,22.6050435078544,991,30.25,37.031,6.28980131646466,37,8,49.351,6.80250491165373,49,9,86.382,9.2730828782054,86,12,0,0,0,0,0.972705248142373
0.03,Inf,">=65",4,0.522948576386932,0.384200506580271,197.257,316.167,0.010335575981785,0.010335575981785,0.0212525379431682,0.0185617562747875,0.0185793280174536,0.0182387954493727,0.899,1076.268,758.6,21.8104492318635,759,30.25,128.93,11.127574889567,129,15,188.738,12.8662697351212,189,18,317.668,16.4271003413757,317,23,0,0,0,0,0.981671427095698
0.03,Inf,">=65",7,0.522948576386932,0.384200506580271,197.257,316.167,0.0189061044790627,0.0189061044790627,0.0323055096397382,0.0262001116534135,0.0262086256520359,0.0267275122085693,0.891,1076.268,562.844,20.1194546759214,563,28,197.257,13.1192631678028,197,17,316.167,15.9524164498859,316,21,513.424,18.8794771818146,513,25,0,0,0,0,1.01979831233513
0.03,Inf,"Overall",1,0.6392765,0.469402720133975,338.649,382.798,0.00126916063589453,0.00126916063589453,0.00585203392318175,0.00570864975060817,0.00571561024903594,0.00547919926160844,0.931,2000,1882.431,10.9049602088755,1882,15,59.588,7.984861552589,59,11,57.981,7.35259815981396,58,10,117.569,10.9049602088755,118,15,0,0,0,0,0.958637664724012
0.03,Inf,"Overall",4,0.6392765,0.469402720133975,338.649,382.798,0.00626910862434465,0.00626910862434465,0.0130486749174354,0.0114306116227399,0.0114497725500782,0.0112222645453168,0.904,2000,1561.1,18.7234229393711,1561,25,214.114,13.8033161064845,214,18,224.786,13.9107049322352,225,18,438.9,18.7234229393711,439,25,0,0,0,0,0.980129910549197
0.03,Inf,"Overall",7,0.6392765,0.469402720133975,338.649,382.798,0.0113742480585715,0.0113742480585715,0.0192442976487533,0.0154928577664822,0.0155309588815267,0.0160560096895634,0.895,2000,1278.553,20.7420206928453,1278,28,338.649,16.4563243043399,338,22.25,382.798,17.2260248441691,383,23,721.447,20.7420206928453,722,28,0,0,0,0,1.03380672191858
0.04,Inf,"<65",1,0.731223360954353,0.739648757544743,183.637,64.66,0.000374251807962999,0.000374251807962999,0.00664091552873895,0.00663071184791493,0.00663367924642328,0.00660597338888922,0.93,923.732,885.352,22.0091457921133,885.5,30,29.783,5.43502074057224,29,7,8.597,2.89879181625621,8,4,38.38,6.18496999619674,38,9,0,0,0,0,0.995823455354885
0.04,Inf,"<65",4,0.731223360954353,0.739648757544743,183.637,64.66,0.00125521007762785,0.00125521007762785,0.0129597761428315,0.0129184566840321,0.012905300931224,0.0125777804585193,0.936,923.732,776.28,21.3009701969495,776,30,111.999,10.7410599742004,112,15,35.453,5.84499400811968,35,8.25,147.452,12.2194521567463,148,17,0,0,0,0,0.974621244831862
0.04,Inf,"<65",7,0.731223360954353,0.739648757544743,183.637,64.66,0.00214791651324099,0.00214791651324099,0.0161698052859905,0.0160509823586462,0.0160345303580365,0.0158913945691137,0.941,923.732,675.435,20.6762008183389,675,29,183.637,13.11744252125,183,17,64.66,8.29416621446624,65,11,248.297,15.1911013610127,248,20,0,0,0,0,0.991073278373193
0.04,Inf,">=65",1,0.482356863038508,0.455958477308145,254.028,303.083,0.00220165771650994,0.00220165771650994,0.00982605508027354,0.00957338384187397,0.00958101547840828,0.00928054267339289,0.928,1076.268,978.291,22.7184604990622,979,31,48.919,7.2141862662038,49,9,49.058,6.78577060345269,49,8.5,97.977,9.85787241998235,98,14,0,0,0,0,0.968638730863911
0.04,Inf,">=65",4,0.482356863038508,0.455958477308145,254.028,303.083,0.0096869460046476,0.0096869460046476,0.0211292885346548,0.0187747281842572,0.0187873061921525,0.0186712155092554,0.91,1076.268,723.965,21.5305675805433,723,31,168.088,12.5146663108879,168,18,184.215,12.7555273696731,184,17,352.303,16.9783820329399,352,24,0,0,0,0,0.993820791458352
0.04,Inf,">=65",7,0.482356863038508,0.455958477308145,254.028,303.083,0.0167982088021779,0.0167982088021779,0.0311838055377772,0.0262784384450992,0.0262857537404968,0.0264214744171641,0.886,1076.268,519.157,19.9294639801108,519,27.25,254.028,15.0430551919984,255,19,303.083,15.8400447606065,303,22,557.111,19.7037792800751,557,26,0,0,0,0,1.00516327886228
0.04,Inf,"Overall",1,0.597296,0.543395034784227,437.665,367.743,0.00135502175672352,0.00135502175672352,0.0062208821997772,0.00606419546531491,0.00607455278797416,0.00586534981409711,0.937,2000,1863.643,11.5937900173743,1864,16,78.702,9.0264429690035,78,11,57.655,7.33674333766711,57,9,136.357,11.5937900173743,136,16,0,0,0,0,0.965560761231476
0.04,Inf,"Overall",4,0.597296,0.543395034784227,437.665,367.743,0.00578126089584841,0.00578126089584841,0.013028120730813,0.0116620145505149,0.0116809844460303,0.01166183342849,0.909,2000,1500.245,19.2541345351251,1500,26,280.087,15.2998534802303,280,20,219.668,13.7843310967121,220,18,499.755,19.2541345351251,500,26,0,0,0,0,0.998360496272482
0.04,Inf,"Overall",7,0.597296,0.543395034784227,437.665,367.743,0.0100365573547188,0.0100365573547188,0.0189345905210316,0.0160161468530777,0.0160637566883815,0.0161314770933036,0.905,2000,1194.592,21.957724783722,1194,30,437.665,18.7866365460322,438,24,367.743,17.1634942985552,368,22,805.408,21.957724783722,806,30,0,0,0,0,1.00421572651004
0.055,Inf,"<65",1,0.67067833233646,0.797019240628192,242.446,61.777,0.000688449221477473,0.000688449221477473,0.00750848761176159,0.00747719510141934,0.00748060046177398,0.00742279265030317,0.933,923.732,874.758,22.0545196691707,875,29,40.432,6.33889245511845,40,9,8.542,2.88696563377027,8,4,48.974,6.9858518540065,49,10,0,0,0,0,0.992272303304232
0.055,Inf,"<65",4,0.67067833233646,0.797019240628192,242.446,61.777,0.00148823662948844,0.00148823662948844,0.0136926805188559,0.0136339760356192,0.0136183740453015,0.0137345122635677,0.94,923.732,739.123,21.1472238385107,739,29,150.043,11.9303597801778,150,16,34.566,5.82078392706047,34,8,184.609,13.0450869408101,185,17,0,0,0,0,1.00852805319341
0.055,Inf,"<65",7,0.67067833233646,0.797019240628192,242.446,61.777,0.00188359699507009,0.00188359699507009,0.0170002843996935,0.0169129412221238,0.0169040669517763,0.0168421195262162,0.945,923.732,619.509,20.2237711597002,619,27,242.446,14.5671303037107,242,20,61.777,8.15866624117171,62,10.25,304.223,16.4581329785958,304,22,0,0,0,0,0.996335353750264
0.055,Inf,">=65",1,0.427987644866381,0.53731674991719,330.787,284.842,0.00231229949277706,0.00231229949277706,0.0103345953929346,0.0100669594606464,0.0100776332381691,0.00996073296155098,0.937,1076.268,961.234,22.6728759380742,962,30,66.416,8.17421321973936,66,11,48.618,6.76341776173998,49,9,115.034,10.4170705747518,115,14,0,0,0,0,0.988400026687278
0.055,Inf,">=65",4,0.427987644866381,0.53731674991719,330.787,284.842,0.00893444697624184,0.00893444697624184,0.0214106913893882,0.019441082058756,0.0194672118017882,0.0191231996162342,0.918,1076.268,675.065,21.525522598142,674,32,223.65,14.0860184550467,223,19,177.553,12.5014990492532,178,18,401.203,17.7178360053567,400,24.5,0,0,0,0,0.982328636013384
0.055,Inf,">=65",7,0.427987644866381,0.53731674991719,330.787,284.842,0.0151346974978407,0.0151346974978407,0.0296490145282596,0.0254792524461352,0.0255079526774612,0.0257703979892495,0.907,1076.268,460.639,18.9268302656283,461,26,330.787,16.3364166667452,331,22,284.842,15.4006563566692,285,21,615.629,20.2183119755122,616,27,0,0,0,0,1.01028876425744
0.055,Inf,"Overall",1,0.540074,0.62318923163461,573.233,346.619,0.00155923678390616,0.00155923678390616,0.00674879195086231,0.00655734273170369,0.0065694848792974,0.00637806885109374,0.942,2000,1835.992,12.5699618113954,1836,17,106.848,10.3196604300428,107,15,57.16,7.30176113795266,57,10,164.008,12.5699618113954,164,17,0,0,0,0,0.97086285580672
0.055,Inf,"Overall",4,0.540074,0.62318923163461,573.233,346.619,0.00548464100931105,0.00548464100931105,0.0133215450653486,0.0121224543620529,0.012146184822109,0.0121649775735455,0.928,2000,1414.188,20.0766463267082,1414,27,373.693,17.3090251993968,374,23,212.119,13.6049231138192,212,17,585.812,20.0766463267082,586,27,0,0,0,0,1.00154721434852
0.055,Inf,"Overall",7,0.540074,0.62318923163461,573.233,346.619,0.0089985735311006,0.0089985735311006,0.018160718658614,0.0157306868071442,0.0157824732873454,0.0160704252070717,0.914,2000,1080.148,21.9174010427438,1080,29,573.233,19.6269184266641,573,26,346.619,16.8185820955187,347,22,919.852,21.9174010427438,920,29,0,0,0,0,1.01824504401076
0.07,Inf,"<65",1,0.615171852439451,0.833777214784024,296.37,59.118,0.000705656337992949,0.000705656337992949,0.00824458475737663,0.00821304755143422,0.00821844083290386,0.00814929091247099,0.94,923.732,864.024,21.9209934527145,864,30,51.228,7.1899729979821,51,10,8.48,2.87747804159821,8,4,59.708,7.72945538058669,60,11,0,0,0,0,0.991586004956559
0.07,Inf,"<65",4,0.615171852439451,0.833777214784024,296.37,59.118,0.00106394902120677,0.00106394902120677,0.0147411368933378,0.0147211851103319,0.0147100480931675,0.0146418074835217,0.946,923.732,703.191,20.9563280821495,703,29,186.833,13.2072534064635,187,17.25,33.708,5.75063525237046,33,8,220.541,14.2865119404081,221,19,0,0,0,0,0.995360952648583
0.07,Inf,"<65",7,0.615171852439451,0.833777214784024,296.37,59.118,0.00162062092514064,0.00162062092514064,0.0173090786709475,0.0172496294604587,0.0172416666050985,0.0174330116365317,0.955,923.732,568.244,19.8155272228401,568,26,296.37,15.5074685742574,296,21,59.118,7.94664867885986,59,11,355.488,17.1818238575266,355,23,0,0,0,0,1.01109782689897
0.07,Inf,">=65",1,0.379419891553182,0.59829814075951,399.598,268.303,0.00232303674084239,0.00232303674084239,0.010874606741875,0.010614261438647,0.0106289014313224,0.0105653580742802,0.946,1076.268,944.386,22.6996537039286,945,30,83.706,8.92486510918889,84,11,48.176,6.74139974118658,48,8,131.882,11.0350282214341,132,15,0,0,0,0,0.99402164396267
0.07,Inf,">=65",4,0.379419891553182,0.59829814075951,399.598,268.303,0.00798957857313731,0.00798957857313731,0.0213209397327863,0.0197499045528664,0.0197772658767163,0.0193953707541569,0.919,1076.268,629.319,21.2804628027,629,30,275.646,15.3872496389527,276,21,171.303,12.2284392187117,171,17,446.949,18.5939811534576,447,26,0,0,0,0,0.980690196261704
0.07,Inf,">=65",7,0.379419891553182,0.59829814075951,399.598,268.303,0.0129813888325143,0.0129813888325143,0.0278497921811485,0.0246252971174577,0.0246516159852233,0.024968712028604,0.918,1076.268,408.367,18.2596748800938,408,24,399.598,17.3895023157878,400,24,268.303,15.022878481765,268,20,667.901,20.8197661288897,668,27.25,0,0,0,0,1.01286309358262
0.07,Inf,"Overall",1,0.4883055,0.680076013324968,695.968,327.421,0.00157122855773518,0.00157122855773518,0.00719665616233378,0.00700577916422904,0.00702655486077108,0.00683625276468111,0.942,2000,1808.41,13.4353417674583,1809,19,134.934,11.4060397045487,134,15,56.656,7.27781771073106,56,9,191.59,13.4353417674583,191,19,0,0,0,0,0.9729167280608
0.07,Inf,"Overall",4,0.4883055,0.680076013324968,695.968,327.421,0.00477336085124481,0.00477336085124481,0.0135978940634008,0.0127104339673181,0.0127389178964482,0.0125298520418365,0.927,2000,1332.51,21.393447117741,1332,28.25,462.479,18.9877880516688,463,25,205.011,13.2878683936306,205,17,667.49,21.393447117741,668,28.25,0,0,0,0,0.983588413371439
0.07,Inf,"Overall",7,0.4883055,0.680076013324968,695.968,327.421,0.00770844647892692,0.00770844647892692,0.0174523634915912,0.0156462542724422,0.0156655754627375,0.0158697217948341,0.92,2000,976.611,22.4140149698145,977,29,695.968,20.5429547287869,697,27,327.421,16.4418397113308,328,22.25,1023.389,22.4140149698145,1023,29,0,0,0,0,1.01303152460515
0.1,Inf,"<65",1,0.517509334640682,0.878445956188414,391.492,54.199,0.000402706610984685,0.000402706610984685,0.00928141842438279,0.00927651722353197,0.00927731771461555,0.00938416762518106,0.954,923.732,842.648,21.6692790293921,843,31,72.699,8.47586215315228,73,11.25,8.385,2.86757702564343,8,4,81.084,8.82671257348141,81,12,0,0,0,0,1.0115173279446
0.1,Inf,"<65",4,0.517509334640682,0.878445956188414,391.492,54.199,0.0008114756782493,0.0008114756782493,0.0159736108960099,0.0159614126859197,0.0159609681656697,0.0158896441880932,0.946,923.732,636.958,20.4992794131027,637,28,254.687,14.9237981342134,254,21,32.087,5.58682769052739,32,8,286.774,15.9647046886498,287,22,0,0,0,0,0.995531350176493
0.1,Inf,"<65",7,0.517509334640682,0.878445956188414,391.492,54.199,0.00104130339673278,0.00104130339673278,0.0181733297721069,0.0181605492692084,0.0181525512630886,0.017894382565432,0.951,923.732,478.041,19.2920580162538,478,26,391.492,17.4273247415559,392,23,54.199,7.5224987196401,54,10,445.691,18.8017825225702,446,25.25,0,0,0,0,0.985777828476292
0.1,Inf,">=65",1,0.298560946322069,0.683923860833385,516.302,238.626,0.00216195589179397,0.00216195589179397,0.0120851824724611,0.0118794034658869,0.0118961801102637,0.0115943700342285,0.935,1076.268,911.411,22.7989445122109,912,31,117.62,10.6595133671864,118,15,47.237,6.68607018618071,47,8,164.857,12.4456999179012,164,18,0,0,0,0,0.974629664880843
0.1,Inf,">=65",4,0.298560946322069,0.683923860833385,516.302,238.626,0.00700005712633695,0.00700005712633695,0.0211654136468552,0.0199303525143023,0.0199843265680603,0.019530262048641,0.927,1076.268,547.524,20.3571077473161,548,28,369.213,17.0824307532751,369,23,159.531,11.9110415964311,159,16,528.744,19.6609006664246,529,27,0,0,0,0,0.977278968201759
0.1,Inf,">=65",7,0.298560946322069,0.683923860833385,516.302,238.626,0.00985525347501118,0.00985525347501118,0.0239932339786824,0.0219003969070096,0.0218867147827869,0.0230796775595418,0.938,1076.268,321.34,16.2407562065983,321,21,516.302,18.802934514228,517,25,238.626,14.3747263193689,238,19.25,754.928,21.1492341730405,755,28,0,0,0,0,1.05450625133075
0.1,Inf,"Overall",1,0.3996905,0.756114281561372,907.794,292.825,0.00134180956358808,0.00134180956358808,0.007910501875663,0.00777020575765882,0.00779977073018014,0.00761977868447087,0.944,2000,1754.059,14.8976326461105,1755,21,190.319,13.1446575086999,190,17,55.622,7.2136781986136,55,10,245.941,14.8976326461105,245,21,0,0,0,0,0.9769234184009
0.1,Inf,"Overall",4,0.3996905,0.756114281561372,907.794,292.825,0.00411771493134428,0.00411771493134428,0.0136096333336727,0.0129448339416052,0.0129782501979041,0.0129411297199889,0.925,2000,1184.482,21.8782616844743,1184,29,623.9,20.0134089184361,624,27,191.618,12.9912604796012,192,17,815.518,21.8782616844743,816,29,0,0,0,0,0.997139793319658
0.1,Inf,"Overall",7,0.3996905,0.756114281561372,907.794,292.825,0.00574829173446143,0.00574829173446143,0.0157718452960866,0.0147267630768391,0.0146943584531466,0.0151708994824605,0.937,2000,799.381,21.8937245386475,799,31,907.794,21.5648465472539,907,30,292.825,15.6905885667036,293,21,1200.619,21.8937245386475,1201,31,0,0,0,0,1.0324302031173
0.3,10.5,"<65",1,0.364569966669147,0.959322553589799,563.186,23.883,1.75782894700031e-05,-1.75782894700031e-05,0.0144381327443803,0.0144400228141107,0.0144453465235096,0.0142633391566287,0.945,923.891,645.871,20.9383087132598,646,28,192.59,13.3062750969968,192,17,7.314,2.6427993469782,7,4,199.904,13.5759747749873,199,18,78.116,8.30165414007723,78,12,0.987400276858384
0.3,10.5,"<65",4,0.364569966669147,0.959322553589799,563.186,23.883,0.000472750247734255,0.000472750247734255,0.0183488664973936,0.0183811256862142,0.0183519536601852,0.018816076184248,0.955,923.891,204.608,13.3875151376781,204,18,479.682,19.046039683557,480,27,19.617,4.33371573734274,19,5,499.299,19.251603133849,500,27,219.984,13.7732147825207,220,19,1.02529008805584
0.3,10.5,"<65",7,0.364569966669147,0.959322553589799,563.186,23.883,0.000646818721523296,0.000646818721523296,0.0182660644644133,0.0182549437031337,0.0182637427944124,0.0183042276732806,0.955,923.891,50.747,6.83576760274358,50,9,563.186,19.7576762239331,563,27,23.883,4.82167601146734,23,6,587.069,20.0697043334483,587,28,286.075,15.1836727743626,286,20,1.00221668030063
0.3,10.5,">=65",1,0.244315521667522,0.877331325423047,713.417,99.769,0.00206262854444042,0.00206262854444042,0.015584759171162,0.0154788212560504,0.0154553922972483,0.0155062606192355,0.945,1076.109,651.807,21.0801357472651,652,28,300.193,15.5986880881076,301,20.25,39.91,6.12269445484481,40,8,340.103,16.6077755647531,341,23,84.199,9.12088754396137,84,12.25,1.00329129930893
0.3,10.5,">=65",4,0.244315521667522,0.877331325423047,713.417,99.769,0.00270356549337676,0.00270356549337676,0.0173861554796377,0.017293419146072,0.0171832593062418,0.0176674157337223,0.947,1076.109,134.892,11.3093871734165,134.5,16,647.834,20.2939964100295,648,28,89.074,9.26468339223518,89,13,736.908,21.4655609362138,738,28.25,204.309,13.6501958537908,204,18,1.0281760531487
0.3,10.5,">=65",7,0.244315521667522,0.877331325423047,713.417,99.769,0.00207989933105232,0.00207989933105232,0.0161057562872615,0.0159965030936234,0.0159788838498325,0.0158734610217237,0.943,1076.109,22.126,4.65314686806421,22,6,713.417,20.4252858805771,714,28.25,99.769,9.89259836961465,99,13,813.186,21.4237340438211,814,28,240.797,14.5954382537085,240,20.25,0.993402365953745
0.3,10.5,"Overall",1,0.2998725,0.911698807823184,1276.603,123.652,0.00108417729504787,0.00108417729504787,0.0106041273072346,0.0105679900059912,0.0105538362219593,0.0106906972135118,0.945,2000,1297.678,21.0519238906923,1298,28,492.783,18.8071693941598,493,25,47.224,6.73001613052429,47,9.25,540.007,19.6134045141744,540,26.25,162.315,11.9578746341382,162,16,1.01296789041199
0.3,10.5,"Overall",4,0.2998725,0.911698807823184,1276.603,123.652,0.00164947402243868,0.00164947402243868,0.0126092610870857,0.0126312243096109,0.012507163137232,0.0130912511003267,0.949,2000,339.5,16.4838016160022,339,22,1127.516,21.5448816642358,1128,30,108.691,10.1465497323707,108,14,1236.207,21.495027033879,1236,30,424.293,18.0244842653828,425,24,1.04670027540905
0.3,10.5,"Overall",7,0.2998725,0.911698807823184,1276.603,123.652,0.00132548053964181,0.00132548053964181,0.0121589229672465,0.0121090274109977,0.0120925075067277,0.012383121476937,0.954,2000,72.873,8.32611525233678,73,11,1276.603,20.5909051859401,1276,29,123.652,10.8752548092984,124,15,1400.255,19.9407022596148,1400,27,526.872,19.3261769917673,526,27,1.02403256479664
