"lambda","borne_a","censoring_rate","pct_cancer","n_deaths_cancer","n_deaths_other","time_t","pp_age_class","absolute_bias","bias","rmse","estimate_sd","estimation_error_sd","mean_se","ecr","mean_n_at_risk","sd_n_at_risk","med_n_at_risk","iqr_n_at_risk","mean_n_at_risk_u65","sd_n_at_risk_u65","med_n_at_risk_u65","iqr_n_at_risk_u65","mean_n_at_risk_65_85","sd_n_at_risk_65_85","med_n_at_risk_65_85","iqr_n_at_risk_65_85","mean_n_at_risk_o85","sd_n_at_risk_o85","med_n_at_risk_o85","iqr_n_at_risk_o85","mean_cum_cancer","sd_cum_cancer","med_cum_cancer","iqr_cum_cancer","mean_cum_censored","sd_cum_censored","med_cum_censored","iqr_cum_censored","mean_cum_other","sd_cum_other","med_cum_other","iqr_cum_other","se_calibration_ratio"
1e-04,Inf,0.7828105,0.00292552904466227,1.272,433.107,1,"<65",0.000286779549349855,0.000286779549349855,0.00319254244047812,0.00318122455504667,0.00318122695343447,0.00318211589443841,0.933,1940.786,7.41452487885631,1941,10,914.918,22.2428869983647,915,30,993.992,22.504007784534,994,29,31.876,5.7687001917158,32,7,0.196,0.426339965011217,0,0,0,0,0,0,59.018,7.41232882558637,59,10,1.0002794333812
1e-04,Inf,0.7828105,0.00292552904466227,1.272,433.107,4,"<65",0.00130248167840036,0.00130248167840036,0.0068515760585503,0.00673002605195482,0.0067300021465393,0.00684157765841417,0.936,1757.641,14.3697811260161,1758,19,885.394,22.1288601254211,885,31,855.318,22.278222442448,856,31,16.929,4.12952927244886,17,5,0.764,0.888309120235233,1,1,0,0,0,0,241.595,14.3593581390731,242,19.25,1.0165788226282
1e-04,Inf,0.7828105,0.00292552904466227,1.272,433.107,7,"<65",0.00244344000196921,0.00244344000196921,0.0101894896645925,0.00989717127723962,0.00989713361713634,0.00972853562375384,0.931,1565.621,17.7573275489777,1565,23,849.937,21.9305718343362,850,30,707.944,21.5814416252164,707,29,7.74,2.78139104336951,8,4,1.272,1.15557403542627,1,2,0,0,0,0,433.107,17.7141000431955,433,23,0.982964967443647
1e-04,Inf,0.7828105,0.00292552904466227,1.272,433.107,1,">=65",0.0025325885779902,0.0025325885779902,0.00725350196565789,0.0068003942267503,0.00680040670782478,0.00684955791527158,0.917,1940.786,7.41452487885631,1941,10,914.918,22.2428869983647,915,30,993.992,22.504007784534,994,29,31.876,5.7687001917158,32,7,0.196,0.426339965011217,0,0,0,0,0,0,59.018,7.41232882558637,59,10,1.00722768645444
1e-04,Inf,0.7828105,0.00292552904466227,1.272,433.107,4,">=65",0.011962271206439,0.011962271206439,0.0199493982315358,0.0159729713699174,0.0159730302409744,0.0160765593407744,0.86,1757.641,14.3697811260161,1758,19,885.394,22.1288601254211,885,31,855.318,22.278222442448,856,31,16.929,4.12952927244886,17,5,0.764,0.888309120235233,1,1,0,0,0,0,241.595,14.3593581390731,242,19.25,1.00648149400822
1e-04,Inf,0.7828105,0.00292552904466227,1.272,433.107,7,">=65",0.0246068650655812,0.0246068650655812,0.0356956712347137,0.0258717939907299,0.0258718474220546,0.0267049884808995,0.847,1565.621,17.7573275489777,1565,23,849.937,21.9305718343362,850,30,707.944,21.5814416252164,707,29,7.74,2.78139104336951,8,4,1.272,1.15557403542627,1,2,0,0,0,0,433.107,17.7141000431955,433,23,1.03220261179087
2e-04,Inf,0.7823025,0.00569168645239911,2.48,432.915,1,"<65",0.000285309582814495,0.000285309582814495,0.0032259877507206,0.00321494901594562,0.00321495432955037,0.00319594932511061,0.934,1940.586,7.46151983702237,1941,10,914.841,22.2481167224936,915,31,993.873,22.51541282799,994,29,31.872,5.7682656742637,32,7,0.397,0.635448498931892,0,1,0,0,0,0,59.017,7.41131827940473,59,10,0.994088561611878
2e-04,Inf,0.7823025,0.00569168645239911,2.48,432.915,4,"<65",0.00128783037927598,0.00128783037927598,0.00687959690638032,0.00676141321431681,0.00676136543688201,0.00686773530684394,0.938,1756.934,14.4427226046974,1757,19,885.089,22.156850069561,885,30,854.926,22.3302746325513,855,30.25,16.919,4.12764781400697,17,5,1.523,1.25500838485089,1,1,0,0,0,0,241.543,14.3534725127118,241,19.25,1.01573201019157
2e-04,Inf,0.7823025,0.00569168645239911,2.48,432.915,7,"<65",0.00246757784137547,0.00246757784137547,0.0102162106437918,0.00991876695664331,0.0099186894252715,0.00975668060550001,0.928,1564.605,17.7877873941753,1564,23,849.466,21.881948351636,850,30,707.409,21.5945836969608,706,29,7.73,2.78295613419343,8,4,2.48,1.61747216860638,2,2,0,0,0,0,432.915,17.7118458802149,433,23,0.983666307833098
2e-04,Inf,0.7823025,0.00569168645239911,2.48,432.915,1,">=65",0.00253066294482887,0.00253066294482887,0.00726322047338445,0.00681147270780243,0.00681149860294187,0.00685730922608269,0.913,1940.586,7.46151983702237,1941,10,914.841,22.2481167224936,915,31,993.873,22.51541282799,994,29,31.872,5.7682656742637,32,7,0.397,0.635448498931892,0,1,0,0,0,0,59.017,7.41131827940473,59,10,1.00672548374612
2e-04,Inf,0.7823025,0.00569168645239911,2.48,432.915,4,">=65",0.0119586239799524,0.0119586239799524,0.0199883257091481,0.0160242760726761,0.0160243957271255,0.0160868111955994,0.864,1756.934,14.4427226046974,1757,19,885.089,22.156850069561,885,30,854.926,22.3302746325513,855,30.25,16.919,4.12764781400697,17,5,1.523,1.25500838485089,1,1,0,0,0,0,241.543,14.3534725127118,241,19.25,1.00389502790225
2e-04,Inf,0.7823025,0.00569168645239911,2.48,432.915,7,">=65",0.0246181748758429,0.0246181748758429,0.0357718381540954,0.0259661048009894,0.0259662110216341,0.0267088423039916,0.846,1564.605,17.7877873941753,1564,23,849.466,21.881948351636,850,30,707.409,21.5945836969608,706,29,7.73,2.78295613419343,8,4,2.48,1.61747216860638,2,2,0,0,0,0,432.915,17.7118458802149,433,23,1.02859990938758
5e-04,Inf,0.7806885,0.0142814005981191,6.267,432.356,1,"<65",0.00028215054574135,0.00028215054574135,0.00326968524078851,0.0032591000180012,0.00325911866888365,0.00323791541607094,0.917,1939.981,7.55060597903577,1940,10,914.611,22.2486107359466,914,31,993.513,22.5222352816518,994,29,31.857,5.76226993074385,32,7,1.011,1.02368302072806,1,2,0,0,0,0,59.008,7.41329163684344,59,10,0.993494175890205
5e-04,Inf,0.7806885,0.0142814005981191,6.267,432.356,4,"<65",0.00129612965437452,0.00129612965437452,0.00696034230023214,0.00684215127842394,0.00684201915237989,0.00694132500384012,0.935,1754.864,14.5359828975821,1755,19,884.218,22.1110690690291,884,30,853.759,22.3270557041545,854,31,16.887,4.13101637569936,17,5,3.77,1.99576628969503,4,3,0,0,0,0,241.366,14.3356742274494,241,19,1.01451411480274
5e-04,Inf,0.7806885,0.0142814005981191,6.267,432.356,7,"<65",0.00242687992615442,0.00242687992615442,0.0103413730480035,0.0100578179435654,0.0100576043741912,0.00984591133699964,0.924,1561.377,17.807525908418,1561,23,847.961,21.8628329011238,848,29,705.709,21.5535815092498,705,28,7.707,2.77395851552359,8,4,6.267,2.5772763440022,6,3,0,0,0,0,432.356,17.6669007860288,433,23,0.978951942300017
5e-04,Inf,0.7806885,0.0142814005981191,6.267,432.356,1,">=65",0.00251992248777628,0.00251992248777628,0.00729388646347857,0.00684813589841748,0.00684818721018789,0.00688090150022594,0.914,1939.981,7.55060597903577,1940,10,914.611,22.2486107359466,914,31,993.513,22.5222352816518,994,29,31.857,5.76226993074385,32,7,1.011,1.02368302072806,1,2,0,0,0,0,59.008,7.41329163684344,59,10,1.00477707297332
5e-04,Inf,0.7806885,0.0142814005981191,6.267,432.356,4,">=65",0.0119590218394535,0.0119590218394535,0.0200237931354813,0.0160680870895398,0.0160683627185995,0.0161164581313452,0.862,1754.864,14.5359828975821,1755,19,884.218,22.1110690690291,884,30,853.759,22.3270557041545,854,31,16.887,4.13101637569936,17,5,3.77,1.99576628969503,4,3,0,0,0,0,241.366,14.3356742274494,241,19,1.00299317445019
5e-04,Inf,0.7806885,0.0142814005981191,6.267,432.356,7,">=65",0.0245568574269767,0.0245568574269767,0.0356583412515887,0.0258676506179275,0.0258678797222969,0.0267150946678659,0.842,1561.377,17.807525908418,1561,23,847.961,21.8628329011238,848,29,705.709,21.5535815092498,705,28,7.707,2.77395851552359,8,4,6.267,2.5772763440022,6,3,0,0,0,0,432.356,17.6669007860288,433,23,1.03275161917653
0.001,Inf,0.7779915,0.0283014244511689,12.57,431.447,1,"<65",0.000279189965470547,0.000279189965470547,0.00331129026050769,0.00330110474731885,0.00330115036710839,0.00330707708776057,0.921,1939.034,7.60859610800407,1939,10,914.229,22.2229705354487,914,30,992.976,22.5431945300487,993,29,31.829,5.75611777953613,32,7,1.975,1.43332809552783,2,2,0,0,0,0,58.991,7.41538312610393,59,10,1.00179535010317
0.001,Inf,0.7779915,0.0283014244511689,12.57,431.447,4,"<65",0.0012685133909079,0.0012685133909079,0.00708249291233456,0.00697176436426132,0.00697145471269575,0.00706501785288614,0.941,1751.298,14.6119370620293,1752,20,882.732,22.0528116688667,882,30,851.732,22.3303564866489,852,30,16.834,4.11696409911398,17,5,7.631,2.81153761200944,7,3,0,0,0,0,241.071,14.3327382724442,241,19,1.01342089191514
0.001,Inf,0.7779915,0.0283014244511689,12.57,431.447,7,"<65",0.00236184433502976,0.00236184433502976,0.0104418921191923,0.0101766455839219,0.0101763628437013,0.00999194421121017,0.933,1555.983,17.886884906312,1555,22.25,845.459,21.7210525325805,846,29,702.87,21.4502963899153,702,28,7.654,2.75642556255051,8,4,12.57,3.65683913680551,12,5,0,0,0,0,431.447,17.6555064472223,432,23,0.981877745976277
0.001,Inf,0.7779915,0.0283014244511689,12.57,431.447,1,">=65",0.00255950307664397,0.00255950307664397,0.00732370075450991,0.00686522945321101,0.00686532369314592,0.0069165430327405,0.918,1939.034,7.60859610800407,1939,10,914.229,22.2229705354487,914,30,992.976,22.5431945300487,993,29,31.829,5.75611777953613,32,7,1.975,1.43332809552783,2,2,0,0,0,0,58.991,7.41538312610393,59,10,1.00746058625695
0.001,Inf,0.7779915,0.0283014244511689,12.57,431.447,4,">=65",0.0118721171380815,0.0118721171380815,0.0199917160637831,0.0160923567118488,0.0160928719115313,0.0161677666395831,0.866,1751.298,14.6119370620293,1752,20,882.732,22.0528116688667,882,30,851.732,22.3303564866489,852,30,16.834,4.11696409911398,17,5,7.631,2.81153761200944,7,3,0,0,0,0,241.071,14.3327382724442,241,19,1.00465390692621
0.001,Inf,0.7779915,0.0283014244511689,12.57,431.447,7,">=65",0.0243847578921524,0.0243847578921524,0.035465281955384,0.0257646601224423,0.0257649692481158,0.0267315802397195,0.84,1555.983,17.886884906312,1555,22.25,845.459,21.7210525325805,846,29,702.87,21.4502963899153,702,28,7.654,2.75642556255051,8,4,12.57,3.65683913680551,12,5,0,0,0,0,431.447,17.6555064472223,432,23,1.03751648147899
0.002,Inf,0.7727185,0.0548195929003057,24.927,429.636,1,"<65",0.000280614441853529,0.000280614441853529,0.00345552090432938,0.0034457861092179,0.00344583139594639,0.00343735383495168,0.935,1937.044,7.79299652218547,1937,10,913.474,22.2133914285676,913,30,991.782,22.5614604025426,992,30,31.788,5.75014087828465,32,7,3.997,2.08406677780112,4,2.25,0,0,0,0,58.959,7.41648995976691,59,10,0.997539763261579
0.002,Inf,0.7727185,0.0548195929003057,24.927,429.636,4,"<65",0.00118592781053641,0.00118592781053641,0.00731508635640433,0.00722230626849257,0.00722192632541338,0.0073061404712238,0.94,1744.247,14.8460228814116,1745,20,879.744,21.9267701052218,879,31,847.785,22.2555180367271,848,30,16.718,4.10918013250349,17,5,15.261,4.01983059817675,15,6,0,0,0,0,240.492,14.3574396071191,241,20,1.01166089793994
0.002,Inf,0.7727185,0.0548195929003057,24.927,429.636,7,"<65",0.00239269345384967,0.00239269345384967,0.0107549156718408,0.0104912693497465,0.0104906283142021,0.0102659496499911,0.929,1545.437,18.1075651293849,1545,24,840.618,21.6678926888051,840,29,697.249,21.3648649997246,696,29,7.57,2.75911447981281,7.5,3,24.927,5.12288150506284,25,7,0,0,0,0,429.636,17.6210671074713,430,23,0.978582916343836
0.002,Inf,0.7727185,0.0548195929003057,24.927,429.636,1,">=65",0.00253571258092999,0.00253571258092999,0.00742458934310885,0.00698149156786451,0.00698164966557129,0.00699311969657541,0.915,1937.044,7.79299652218547,1937,10,913.474,22.2133914285676,913,30,991.782,22.5614604025426,992,30,31.788,5.75014087828465,32,7,3.997,2.08406677780112,4,2.25,0,0,0,0,58.959,7.41648995976691,59,10,1.0016428826357
0.002,Inf,0.7727185,0.0548195929003057,24.927,429.636,4,">=65",0.0118142125825886,0.0118142125825886,0.0200714015374366,0.0162333004417609,0.0162341950776822,0.016265703373176,0.867,1744.247,14.8460228814116,1745,20,879.744,21.9267701052218,879,31,847.785,22.2555180367271,848,30,16.718,4.10918013250349,17,5,15.261,4.01983059817675,15,6,0,0,0,0,240.492,14.3574396071191,241,20,1.00194085973114
0.002,Inf,0.7727185,0.0548195929003057,24.927,429.636,7,">=65",0.0241636820745789,0.0241636820745789,0.035425672934132,0.0259172227409106,0.0259184594058509,0.0267664364581518,0.843,1545.437,18.1075651293849,1545,24,840.618,21.6678926888051,840,29,697.249,21.3648649997246,696,29,7.57,2.75911447981281,7.5,3,24.927,5.12288150506284,25,7,0,0,0,0,429.636,17.6210671074713,430,23,1.03271710864534
0.003,Inf,0.7674695,0.0800337250537632,37.227,427.834,1,"<65",0.000277649860106921,0.000277649860106921,0.00360435949769689,0.00359542387732256,0.00359544784262119,0.00356322108815007,0.917,1935.072,7.93257472336326,1935,10,912.715,22.1596666451873,913,29.25,990.626,22.5503135375241,991,29.25,31.731,5.73877796857245,32,7,6.004,2.50963787871523,6,4,0,0,0,0,58.924,7.40696206869504,59,10,0.991036789884948
0.003,Inf,0.7674695,0.0800337250537632,37.227,427.834,4,"<65",0.00121274957746513,0.00121274957746513,0.00750622782595082,0.00741195191147289,0.00741131717440943,0.00753001662685466,0.944,1737.35,15.1621037257166,1737,20,876.866,21.9312339603366,877,29.25,843.881,22.151196683577,844,30,16.603,4.10441679623759,17,5,22.751,4.80729748498146,23,6,0,0,0,0,239.899,14.3295546035156,240,19,1.01601597255277
0.003,Inf,0.7674695,0.0800337250537632,37.227,427.834,7,"<65",0.00250713576332734,0.00250713576332734,0.0111133334379824,0.0108328793504428,0.0108322568357743,0.0105240935284495,0.927,1534.939,18.2584953282479,1535,24,835.881,21.7415623756559,835,29,691.57,21.2050171599259,691,28,7.488,2.75453143809314,7,4,37.227,6.17832037390767,37,8,0,0,0,0,427.834,17.643007672155,428,23,0.971551329330835
0.003,Inf,0.7674695,0.0800337250537632,37.227,427.834,1,">=65",0.00253233542633181,0.00253233542633181,0.00752403221788596,0.00708843598816346,0.00708862375154881,0.00706740026635747,0.914,1935.072,7.93257472336326,1935,10,912.715,22.1596666451873,913,29.25,990.626,22.5503135375241,991,29.25,31.731,5.73877796857245,32,7,6.004,2.50963787871523,6,4,0,0,0,0,58.924,7.40696206869504,59,10,0.997005979448873
0.003,Inf,0.7674695,0.0800337250537632,37.227,427.834,4,">=65",0.0117678085444244,0.0117678085444244,0.0201482310261918,0.0163610932504535,0.0163626902794055,0.0163615798269913,0.87,1737.35,15.1621037257166,1737,20,876.866,21.9312339603366,877,29.25,843.881,22.151196683577,844,30,16.603,4.10441679623759,17,5,22.751,4.80729748498146,23,6,0,0,0,0,239.899,14.3295546035156,240,19,0.999932135095438
0.003,Inf,0.7674695,0.0800337250537632,37.227,427.834,7,">=65",0.023773449791124,0.023773449791124,0.0351188685394404,0.0258592424648054,0.0258616867075364,0.0267950032987552,0.846,1534.939,18.2584953282479,1535,24,835.881,21.7415623756559,835,29,691.57,21.2050171599259,691,28,7.488,2.75453143809314,7,4,37.227,6.17832037390767,37,8,0,0,0,0,427.834,17.643007672155,428,23,1.03608877494239
0.004,Inf,0.7622225,0.104150355872888,49.541,426.014,1,"<65",0.000243946346275877,0.000243946346275877,0.0037108276354115,0.00370466758908185,0.00370465334090095,0.00368953408545778,0.924,1933.042,7.98824436581957,1933,10,911.93,22.1572571417142,912,30,989.436,22.5538595495445,990,29.25,31.676,5.72449070169511,31.5,7,8.074,2.87346146324964,8,4,0,0,0,0,58.884,7.40252263362574,59,10,0.995918847446197
0.004,Inf,0.7622225,0.104150355872888,49.541,426.014,4,"<65",0.00127810560528571,0.00127810560528571,0.00769960600726987,0.00759703313755603,0.00759658389118025,0.00774233172440313,0.94,1730.492,15.2216830749965,1731,20,874.03,21.8118512936627,874,29,839.959,22.1319484488407,841,30,16.503,4.10570917721261,17,5,30.177,5.56404795357028,30,7,0,0,0,0,239.331,14.31371095563,239,19,1.01918597034018
0.004,Inf,0.7622225,0.104150355872888,49.541,426.014,7,"<65",0.00246202698083663,0.00246202698083663,0.0114038325132726,0.0111421623945323,0.0111404635929332,0.0107783133167107,0.928,1524.445,18.4032511979447,1525,25,831.037,21.8005709993086,831,29.25,686,21.1747105852328,686,27,7.408,2.7439141868989,7,4,49.541,7.21251269249069,49,9,0,0,0,0,426.014,17.5456448628614,426,23,0.967492351354909
0.004,Inf,0.7622225,0.104150355872888,49.541,426.014,1,">=65",0.00249533199388203,0.00249533199388203,0.00755919158119662,0.00713872466782362,0.00713902383122548,0.00714293266631325,0.915,1933.042,7.98824436581957,1933,10,911.93,22.1572571417142,912,30,989.436,22.5538595495445,990,29.25,31.676,5.72449070169511,31.5,7,8.074,2.87346146324964,8,4,0,0,0,0,58.884,7.40252263362574,59,10,1.00054753075213
0.004,Inf,0.7622225,0.104150355872888,49.541,426.014,4,">=65",0.0117052704537383,0.0117052704537383,0.0201506492967721,0.0164080768791424,0.0164105032007445,0.0164553365316301,0.868,1730.492,15.2216830749965,1731,20,874.03,21.8118512936627,874,29,839.959,22.1319484488407,841,30,16.503,4.10570917721261,17,5,30.177,5.56404795357028,30,7,0,0,0,0,239.331,14.31371095563,239,19,1.00273199001501
0.004,Inf,0.7622225,0.104150355872888,49.541,426.014,7,">=65",0.0234986978134098,0.0234986978134098,0.0349592394574755,0.0258932227759485,0.0258965297824619,0.0268191678040269,0.849,1524.445,18.4032511979447,1525,25,831.037,21.8005709993086,831,29.25,686,21.1747105852328,686,27,7.408,2.7439141868989,7,4,49.541,7.21251269249069,49,9,0,0,0,0,426.014,17.5456448628614,426,23,1.03562786324328
0.005,Inf,0.7571015,0.126713272476701,61.578,424.219,1,"<65",0.000211842371298108,0.000211842371298108,0.00388797179305543,0.00388390231211265,0.00388413877292312,0.00380979747780982,0.925,1931.021,8.07575239694586,1931,10,911.146,22.1237461598199,911,30,988.253,22.4538006618961,989,29,31.622,5.71242048064984,31,7,10.131,3.25521664953893,10,4,0,0,0,0,58.848,7.40700747669123,59,10,0.980860288609781
0.005,Inf,0.7571015,0.126713272476701,61.578,424.219,4,"<65",0.00133757947354528,0.00133757947354528,0.00800751370298337,0.0078993794162327,0.00789895881783305,0.00794686314714618,0.944,1723.57,15.3573092352452,1723,21,871.205,21.9004704425637,871,30,835.981,22.0569069940948,836,30.25,16.384,4.08794022158535,16,5,37.692,6.24084001429968,37,9,0,0,0,0,238.738,14.2953038341867,239,19,1.00606463844386
0.005,Inf,0.7571015,0.126713272476701,61.578,424.219,7,"<65",0.00262912387531041,0.00262912387531041,0.0117806193639616,0.0114898042833927,0.0114892429232639,0.0110129900103794,0.924,1514.203,18.7736581741876,1514,25.25,826.405,21.8153359791658,826,29.25,680.481,21.1611302257803,680.5,28,7.317,2.73349281743761,7,4,61.578,8.07843903097481,61,11,0,0,0,0,424.219,17.5165598468669,424,23,0.958547929044116
0.005,Inf,0.7571015,0.126713272476701,61.578,424.219,1,">=65",0.00247013593747349,0.00247013593747349,0.0075698081001478,0.00715872966981451,0.00715902750366721,0.00721665720656641,0.926,1931.021,8.07575239694586,1931,10,911.146,22.1237461598199,911,30,988.253,22.4538006618961,989,29,31.622,5.71242048064984,31,7,10.131,3.25521664953893,10,4,0,0,0,0,58.848,7.40700747669123,59,10,1.00804993455741
0.005,Inf,0.7571015,0.126713272476701,61.578,424.219,4,">=65",0.0115081051267205,0.0115081051267205,0.0200680555488974,0.0164449823301724,0.0164487364510719,0.01654987340101,0.882,1723.57,15.3573092352452,1723,21,871.205,21.9004704425637,871,30,835.981,22.0569069940948,836,30.25,16.384,4.08794022158535,16,5,37.692,6.24084001429968,37,9,0,0,0,0,238.738,14.2953038341867,239,19,1.00614861513764
0.005,Inf,0.7571015,0.126713272476701,61.578,424.219,7,">=65",0.0232415798084275,0.0232415798084275,0.0348355750973026,0.0259586017081417,0.0259619005592609,0.0268387685838711,0.854,1514.203,18.7736581741876,1514,25.25,826.405,21.8153359791658,826,29.25,680.481,21.1611302257803,680.5,28,7.317,2.73349281743761,7,4,61.578,8.07843903097481,61,11,0,0,0,0,424.219,17.5165598468669,424,23,1.03377518616592
0.007,Inf,0.747003,0.168602900293761,85.334,420.66,1,"<65",0.000172147794095812,0.000172147794095812,0.00412202473229694,0.00412021187744197,0.004120489226065,0.00403749651315808,0.931,1927.117,8.29542796515798,1927,11,909.604,22.0615932765043,910,30,985.993,22.3780635607447,987,29,31.52,5.69807582154433,31,7,14.115,3.8546898232716,14,6,0,0,0,0,58.768,7.40168635926712,58,10,0.979858529326584
0.007,Inf,0.747003,0.168602900293761,85.334,420.66,4,"<65",0.00125881588899318,0.00125881588899318,0.00845817609332307,0.00837028540095558,0.00836816297252957,0.00834699145569589,0.942,1709.756,15.9279679860353,1709,22,865.406,21.9553000252604,865,30,828.176,22.011713689296,829,30,16.174,4.06992485044728,16,6,52.678,7.45680359939297,52,9,0,0,0,0,237.566,14.2918123378353,238,19.25,0.99746999229064
0.007,Inf,0.747003,0.168602900293761,85.334,420.66,7,"<65",0.00287736435969369,0.00287736435969369,0.0121569169361893,0.0118173108336952,0.0118174047400333,0.0114597714716463,0.92,1494.006,19.0383934307605,1494,25,817.151,21.8170158633389,816,29,669.686,21.080222479371,670,28,7.169,2.70032048667019,7,4,85.334,9.32906616309883,85,12,0,0,0,0,420.66,17.4294057323876,421,24,0.969736733550692
0.007,Inf,0.747003,0.168602900293761,85.334,420.66,1,">=65",0.00251935810080903,0.00251935810080903,0.00769656290664965,0.00727592005730646,0.00727618431556659,0.00735494721106912,0.929,1927.117,8.29542796515798,1927,11,909.604,22.0615932765043,910,30,985.993,22.3780635607447,987,29,31.52,5.69807582154433,31,7,14.115,3.8546898232716,14,6,0,0,0,0,58.768,7.40168635926712,58,10,1.01082475265697
0.007,Inf,0.747003,0.168602900293761,85.334,420.66,4,">=65",0.0112939884751331,0.0112939884751331,0.0202415870667258,0.016800388717771,0.016806252450348,0.0167281165608745,0.889,1709.756,15.9279679860353,1709,22,865.406,21.9553000252604,865,30,828.176,22.011713689296,829,30,16.174,4.06992485044728,16,6,52.678,7.45680359939297,52,9,0,0,0,0,237.566,14.2918123378353,238,19.25,0.995350784494976
0.007,Inf,0.747003,0.168602900293761,85.334,420.66,7,">=65",0.0229000916012601,0.0229000916012601,0.034768076234103,0.0261699455283285,0.0261742243379624,0.0268829603259834,0.858,1494.006,19.0383934307605,1494,25,817.151,21.8170158633389,816,29,669.686,21.080222479371,670,28,7.169,2.70032048667019,7,4,85.334,9.32906616309883,85,12,0,0,0,0,420.66,17.4294057323876,421,24,1.02707763098802
0.01,Inf,0.732069,0.224797515864769,120.474,415.388,1,"<65",0.00016239992598191,0.00016239992598191,0.00440566736192662,0.00440422455868129,0.00440487617329802,0.00434910366732871,0.932,1921.209,8.5925054640745,1921,12,907.344,22.0556595030871,908,29,982.512,22.3386855672592,983,29,31.353,5.67702559617443,31,7.25,20.122,4.54992503430747,20,6,0,0,0,0,58.669,7.38213620403572,58,9,0.987338462246137
0.01,Inf,0.732069,0.224797515864769,120.474,415.388,4,"<65",0.00147999578705054,0.00147999578705054,0.00914558869877583,0.00902943780081595,0.00902955912852584,0.00888073130918066,0.935,1689.722,16.4027365328401,1690,22,857.082,21.9417573753042,856,31,816.755,21.9750740357997,817,31,15.885,4.02616256315924,16,5.25,74.519,8.80915661344718,74,11,0,0,0,0,235.759,14.219251249841,236,18.25,0.983517709200773
0.01,Inf,0.732069,0.224797515864769,120.474,415.388,7,"<65",0.00295999922841189,0.00295999922841189,0.0128152645113353,0.012473823814393,0.0124749763165061,0.0120797527088688,0.926,1464.138,19.3006598714,1464,25,803.234,21.6786348095817,803,29,653.954,21.0303628157044,654,28,6.95,2.66807395298905,7,4,120.474,10.8937595896916,120,14,0,0,0,0,415.388,17.5338784327054,416,24,0.968318688740564
0.01,Inf,0.732069,0.224797515864769,120.474,415.388,1,">=65",0.00247303282499127,0.00247303282499127,0.00783209342093157,0.00743456020124348,0.00743512455025422,0.00756295354322216,0.929,1921.209,8.5925054640745,1921,12,907.344,22.0556595030871,908,29,982.512,22.3386855672592,983,29,31.353,5.67702559617443,31,7.25,20.122,4.54992503430747,20,6,0,0,0,0,58.669,7.38213620403572,58,9,1.01719258259952
0.01,Inf,0.732069,0.224797515864769,120.474,415.388,4,">=65",0.0112125815600236,0.0112125815600236,0.0203524757888486,0.0169867821432248,0.0169938246304667,0.0169738124449642,0.88,1689.722,16.4027365328401,1690,22,857.082,21.9417573753042,856,31,816.755,21.9750740357997,817,31,15.885,4.02616256315924,16,5.25,74.519,8.80915661344718,74,11,0,0,0,0,235.759,14.219251249841,236,18.25,0.998822384840514
0.01,Inf,0.732069,0.224797515864769,120.474,415.388,7,">=65",0.0225532562597384,0.0225532562597384,0.0345714870651623,0.0262052692601058,0.0262149876130966,0.0269289963778264,0.857,1464.138,19.3006598714,1464,25,803.234,21.6786348095817,803,29,653.954,21.0303628157044,654,28,6.95,2.66807395298905,7,4,120.474,10.8937595896916,120,14,0,0,0,0,415.388,17.5338784327054,416,24,1.02723666229669
0.014,Inf,0.712399,0.289934097348613,166.77,408.432,1,"<65",0.000191269852936777,0.000191269852936777,0.00473828928303504,0.00473623119670623,0.00473679621806699,0.004724721650156,0.926,1913.475,9.21402589931639,1913,13,904.377,21.9761193303281,905,30,977.955,22.3567618361828,978,29,31.143,5.68672927875856,31,8,27.983,5.40258261379675,28,8,0,0,0,0,58.542,7.3657647593777,58,9,0.997450899858234
0.014,Inf,0.712399,0.289934097348613,166.77,408.432,4,"<65",0.00184398343072398,0.00184398343072398,0.00989580737913108,0.0097268794986017,0.00972735062297143,0.00951984962752781,0.921,1663.612,17.0716401349401,1664,23,846.183,22.0027187099829,845,31,801.921,21.9687365222578,802,31,15.508,3.97790896825955,16,5,102.916,10.2131901604373,102,13,0,0,0,0,233.472,14.1466371743727,234,19,0.978668292787391
0.014,Inf,0.712399,0.289934097348613,166.77,408.432,7,"<65",0.00273413087220236,0.00273413087220236,0.0133571906323878,0.0130848211878274,0.0130809089953169,0.0128210260092818,0.934,1424.798,19.3748956792697,1425,25,784.773,21.3559253263947,784,29.25,633.374,20.9494392049764,634,27.25,6.651,2.61266626744118,7,3,166.77,12.3078260705367,166.5,17,0,0,0,0,408.432,17.5531618089018,408.5,23,0.980132650863317
0.014,Inf,0.712399,0.289934097348613,166.77,408.432,1,">=65",0.00248524954569858,0.00248524954569858,0.00830737994848019,0.00792959937241903,0.00793088868282207,0.00782306593068842,0.929,1913.475,9.21402589931639,1913,13,904.377,21.9761193303281,905,30,977.955,22.3567618361828,978,29,31.143,5.68672927875856,31,8,27.983,5.40258261379675,28,8,0,0,0,0,58.542,7.3657647593777,58,9,0.986404707411014
0.014,Inf,0.712399,0.289934097348613,166.77,408.432,4,">=65",0.0112434116517933,0.0112434116517933,0.0207526519367148,0.0174394691377913,0.0174517282712746,0.0172738174497739,0.884,1663.612,17.0716401349401,1664,23,846.183,22.0027187099829,845,31,801.921,21.9687365222578,802,31,15.508,3.97790896825955,16,5,102.916,10.2131901604373,102,13,0,0,0,0,233.472,14.1466371743727,234,19,0.989805547122027
0.014,Inf,0.712399,0.289934097348613,166.77,408.432,7,">=65",0.0217413993744355,0.0217413993744355,0.034114352618576,0.0262879413683214,0.0263019467003122,0.0269519801145969,0.875,1424.798,19.3748956792697,1425,25,784.773,21.3559253263947,784,29.25,633.374,20.9494392049764,634,27.25,6.651,2.61266626744118,7,3,166.77,12.3078260705367,166.5,17,0,0,0,0,408.432,17.5531618089018,408.5,23,1.02471427007633
0.019,Inf,0.6885235,0.357555279621506,222.747,400.206,1,"<65",0.0002575806189106,0.0002575806189106,0.00511003721123485,0.00510522827846211,0.00510609486101621,0.00514858343710742,0.939,1903.758,9.64906941318905,1904,13.25,900.714,21.9952721282551,901,30,972.156,22.3424898086773,973,29,30.888,5.67535599461969,31,7,37.884,6.25825133002101,38,8,0,0,0,0,58.358,7.36383473891573,58,10,1.00832114898914
0.019,Inf,0.6885235,0.357555279621506,222.747,400.206,4,"<65",0.00188166186807919,0.00188166186807919,0.010620909426257,0.0104571851383972,0.0104581278483802,0.0102484055476429,0.936,1630.723,17.3996269505417,1631,23,832.398,21.7894096839353,832,31,783.292,21.8347771569461,783,31,15.033,3.90219657861289,15,6,138.569,11.5804726305253,138,15,0,0,0,0,230.708,14.0478495891036,231,18,0.979946477631775
0.019,Inf,0.6885235,0.357555279621506,222.747,400.206,7,"<65",0.00242823551659725,0.00242823551659725,0.0142293107035282,0.0140325904574921,0.0140276059647604,0.013618692765464,0.934,1377.047,19.9181204565723,1377,25,762.288,21.3444287963075,762,29,608.45,20.6860197092484,609,28.25,6.309,2.55852790976864,6,4,222.747,14.073274247596,222,19,0,0,0,0,400.206,17.3591158445038,400,22,0.970849395091106
0.019,Inf,0.6885235,0.357555279621506,222.747,400.206,1,">=65",0.00237682880461888,0.00237682880461888,0.00855092893333104,0.00821444675176517,0.00821806589554229,0.00813884178489015,0.925,1903.758,9.64906941318905,1904,13.25,900.714,21.9952721282551,901,30,972.156,22.3424898086773,973,29,30.888,5.67535599461969,31,7,37.884,6.25825133002101,38,8,0,0,0,0,58.358,7.36383473891573,58,10,0.990359762058477
0.019,Inf,0.6885235,0.357555279621506,222.747,400.206,4,">=65",0.0106713140123356,0.0106713140123356,0.0205899292896486,0.0175949042981408,0.0176175657804047,0.0176221556189899,0.893,1630.723,17.3996269505417,1631,23,832.398,21.7894096839353,832,31,783.292,21.8347771569461,783,31,15.033,3.90219657861289,15,6,138.569,11.5804726305253,138,15,0,0,0,0,230.708,14.0478495891036,231,18,1.00026052626352
0.019,Inf,0.6885235,0.357555279621506,222.747,400.206,7,">=65",0.0206726888491225,0.0206726888491225,0.0335391912852544,0.0264137863628092,0.0264237677729648,0.0269274440091111,0.88,1377.047,19.9181204565723,1377,25,762.288,21.3444287963075,762,29,608.45,20.6860197092484,609,28.25,6.309,2.55852790976864,6,4,222.747,14.073274247596,222,19,0,0,0,0,400.206,17.3591158445038,400,22,1.01906148436037
0.03,Inf,0.6392765,0.469402720133975,338.649,382.798,1,"<65",0.000222094528429947,0.000222094528429947,0.00597030926295434,0.00596940323006193,0.00596916222039352,0.00597451715825228,0.937,1882.431,10.9049602088755,1882,15,892.545,22.0291910940974,893,29,959.54,22.3463141873052,960,29,30.346,5.64891088566586,30,7,59.588,7.984861552589,59,11,0,0,0,0,57.981,7.35259815981396,58,10,1.00089710040723
0.03,Inf,0.6392765,0.469402720133975,338.649,382.798,4,"<65",0.00153333793821453,0.00153333793821453,0.012050451467869,0.011966057151482,0.0119584806981199,0.0115949643301889,0.941,1561.1,18.7234229393711,1561,25,802.5,21.6101596245608,803,31,744.559,21.650895599958,745,30,14.041,3.78386530371215,14,4.25,214.114,13.8033161064845,214,18,0,0,0,0,224.786,13.9107049322352,225,18,0.969601793312412
0.03,Inf,0.6392765,0.469402720133975,338.649,382.798,7,"<65",0.00256101336014235,0.00256101336014235,0.0152760702907095,0.0150823404176944,0.0150674005938824,0.0149758751464603,0.945,1278.553,20.7420206928453,1278,28,715.709,20.8655623142702,715,28,557.222,20.0599880139326,557,27,5.622,2.42094547170666,6,3,338.649,16.4563243043399,338,22.25,0,0,0,0,382.798,17.2260248441691,383,23,0.993925598058419
0.03,Inf,0.6392765,0.469402720133975,338.649,382.798,1,">=65",0.00217154557448454,0.00217154557448454,0.00927175012770134,0.00901214485617064,0.00901837409513412,0.00877221981204819,0.94,1882.431,10.9049602088755,1882,15,892.545,22.0291910940974,893,29,959.54,22.3463141873052,960,29,30.346,5.64891088566586,30,7,59.588,7.984861552589,59,11,0,0,0,0,57.981,7.35259815981396,58,10,0.972705248142373
0.03,Inf,0.6392765,0.469402720133975,338.649,382.798,4,">=65",0.010335575981785,0.010335575981785,0.0212525379431682,0.0185617562747875,0.0185793280174536,0.0182387954493727,0.899,1561.1,18.7234229393711,1561,25,802.5,21.6101596245608,803,31,744.559,21.650895599958,745,30,14.041,3.78386530371215,14,4.25,214.114,13.8033161064845,214,18,0,0,0,0,224.786,13.9107049322352,225,18,0.981671427095698
0.03,Inf,0.6392765,0.469402720133975,338.649,382.798,7,">=65",0.0189061044790627,0.0189061044790627,0.0323055096397382,0.0262001116534135,0.0262086256520359,0.0267275122085693,0.891,1278.553,20.7420206928453,1278,28,715.709,20.8655623142702,715,28,557.222,20.0599880139326,557,27,5.622,2.42094547170666,6,3,338.649,16.4563243043399,338,22.25,0,0,0,0,382.798,17.2260248441691,383,23,1.01979831233513
0.04,Inf,0.597296,0.543395034784227,437.665,367.743,1,"<65",0.000374251807962999,0.000374251807962999,0.00664091552873895,0.00663071184791493,0.00663367924642328,0.00660597338888922,0.93,1863.643,11.5937900173743,1864,16,885.352,22.0091457921133,885.5,30,948.388,22.4377117128041,949,29,29.903,5.60419467880961,30,7,78.702,9.0264429690035,78,11,0,0,0,0,57.655,7.33674333766711,57,9,0.995823455354885
0.04,Inf,0.597296,0.543395034784227,437.665,367.743,4,"<65",0.00125521007762785,0.00125521007762785,0.0129597761428315,0.0129184566840321,0.012905300931224,0.0125777804585193,0.936,1500.245,19.2541345351251,1500,26,776.28,21.3009701969495,776,30,710.775,21.3365325819971,710,30,13.19,3.71587240196804,13,5,280.087,15.2998534802303,280,20,0,0,0,0,219.668,13.7843310967121,220,18,0.974621244831862
0.04,Inf,0.597296,0.543395034784227,437.665,367.743,7,"<65",0.00214791651324099,0.00214791651324099,0.0161698052859905,0.0160509823586462,0.0160345303580365,0.0158913945691137,0.941,1194.592,21.957724783722,1194,30,675.435,20.6762008183389,675,29,514.105,19.8505420333808,514,27,5.052,2.27562617195234,5,4,437.665,18.7866365460322,438,24,0,0,0,0,367.743,17.1634942985552,368,22,0.991073278373193
0.04,Inf,0.597296,0.543395034784227,437.665,367.743,1,">=65",0.00220165771650994,0.00220165771650994,0.00982605508027354,0.00957338384187397,0.00958101547840828,0.00928054267339289,0.928,1863.643,11.5937900173743,1864,16,885.352,22.0091457921133,885.5,30,948.388,22.4377117128041,949,29,29.903,5.60419467880961,30,7,78.702,9.0264429690035,78,11,0,0,0,0,57.655,7.33674333766711,57,9,0.968638730863911
0.04,Inf,0.597296,0.543395034784227,437.665,367.743,4,">=65",0.0096869460046476,0.0096869460046476,0.0211292885346548,0.0187747281842572,0.0187873061921525,0.0186712155092554,0.91,1500.245,19.2541345351251,1500,26,776.28,21.3009701969495,776,30,710.775,21.3365325819971,710,30,13.19,3.71587240196804,13,5,280.087,15.2998534802303,280,20,0,0,0,0,219.668,13.7843310967121,220,18,0.993820791458352
0.04,Inf,0.597296,0.543395034784227,437.665,367.743,7,">=65",0.0167982088021779,0.0167982088021779,0.0311838055377772,0.0262784384450992,0.0262857537404968,0.0264214744171641,0.886,1194.592,21.957724783722,1194,30,675.435,20.6762008183389,675,29,514.105,19.8505420333808,514,27,5.052,2.27562617195234,5,4,437.665,18.7866365460322,438,24,0,0,0,0,367.743,17.1634942985552,368,22,1.00516327886228
0.055,Inf,0.540074,0.62318923163461,573.233,346.619,1,"<65",0.000688449221477473,0.000688449221477473,0.00750848761176159,0.00747719510141934,0.00748060046177398,0.00742279265030317,0.933,1835.992,12.5699618113954,1836,17,874.758,22.0545196691707,875,29,932.023,22.4077794433,933,29,29.211,5.58387487849241,29,7,106.848,10.3196604300428,107,15,0,0,0,0,57.16,7.30176113795266,57,10,0.992272303304232
0.055,Inf,0.540074,0.62318923163461,573.233,346.619,4,"<65",0.00148823662948844,0.00148823662948844,0.0136926805188559,0.0136339760356192,0.0136183740453015,0.0137345122635677,0.94,1414.188,20.0766463267082,1414,27,739.123,21.1472238385107,739,29,663.065,21.2361896476451,663,31,12,3.52738464622763,12,4,373.693,17.3090251993968,374,23,0,0,0,0,212.119,13.6049231138192,212,17,1.00852805319341
0.055,Inf,0.540074,0.62318923163461,573.233,346.619,7,"<65",0.00188359699507009,0.00188359699507009,0.0170002843996935,0.0169129412221238,0.0169040669517763,0.0168421195262162,0.945,1080.148,21.9174010427438,1080,29,619.509,20.2237711597002,619,27,456.323,18.8479153997177,456,25,4.316,2.09344847716072,4,3,573.233,19.6269184266641,573,26,0,0,0,0,346.619,16.8185820955187,347,22,0.996335353750264
0.055,Inf,0.540074,0.62318923163461,573.233,346.619,1,">=65",0.00231229949277706,0.00231229949277706,0.0103345953929346,0.0100669594606464,0.0100776332381691,0.00996073296155098,0.937,1835.992,12.5699618113954,1836,17,874.758,22.0545196691707,875,29,932.023,22.4077794433,933,29,29.211,5.58387487849241,29,7,106.848,10.3196604300428,107,15,0,0,0,0,57.16,7.30176113795266,57,10,0.988400026687278
0.055,Inf,0.540074,0.62318923163461,573.233,346.619,4,">=65",0.00893444697624184,0.00893444697624184,0.0214106913893882,0.019441082058756,0.0194672118017882,0.0191231996162342,0.918,1414.188,20.0766463267082,1414,27,739.123,21.1472238385107,739,29,663.065,21.2361896476451,663,31,12,3.52738464622763,12,4,373.693,17.3090251993968,374,23,0,0,0,0,212.119,13.6049231138192,212,17,0.982328636013384
0.055,Inf,0.540074,0.62318923163461,573.233,346.619,7,">=65",0.0151346974978407,0.0151346974978407,0.0296490145282596,0.0254792524461352,0.0255079526774612,0.0257703979892495,0.907,1080.148,21.9174010427438,1080,29,619.509,20.2237711597002,619,27,456.323,18.8479153997177,456,25,4.316,2.09344847716072,4,3,573.233,19.6269184266641,573,26,0,0,0,0,346.619,16.8185820955187,347,22,1.01028876425744
0.07,Inf,0.4883055,0.680076013324968,695.968,327.421,1,"<65",0.000705656337992949,0.000705656337992949,0.00824458475737663,0.00821304755143422,0.00821844083290386,0.00814929091247099,0.94,1808.41,13.4353417674583,1809,19,864.024,21.9209934527145,864,30,915.86,22.4345650662033,916,30,28.526,5.55104838189491,28,7,134.934,11.4060397045487,134,15,0,0,0,0,56.656,7.27781771073106,56,9,0.991586004956559
0.07,Inf,0.4883055,0.680076013324968,695.968,327.421,4,"<65",0.00106394902120677,0.00106394902120677,0.0147411368933378,0.0147211851103319,0.0147100480931675,0.0146418074835217,0.946,1332.51,21.393447117741,1332,28.25,703.191,20.9563280821495,703,29,618.406,21.0683421046612,618,30,10.913,3.36284696942037,11,4,462.479,18.9877880516688,463,25,0,0,0,0,205.011,13.2878683936306,205,17,0.995360952648583
0.07,Inf,0.4883055,0.680076013324968,695.968,327.421,7,"<65",0.00162062092514064,0.00162062092514064,0.0173090786709475,0.0172496294604587,0.0172416666050985,0.0174330116365317,0.955,976.611,22.4140149698145,977,29,568.244,19.8155272228401,568,26,404.693,18.2459218639307,405,25,3.674,1.93687260176695,4,3,695.968,20.5429547287869,697,27,0,0,0,0,327.421,16.4418397113308,328,22.25,1.01109782689897
0.07,Inf,0.4883055,0.680076013324968,695.968,327.421,1,">=65",0.00232303674084239,0.00232303674084239,0.010874606741875,0.010614261438647,0.0106289014313224,0.0105653580742802,0.946,1808.41,13.4353417674583,1809,19,864.024,21.9209934527145,864,30,915.86,22.4345650662033,916,30,28.526,5.55104838189491,28,7,134.934,11.4060397045487,134,15,0,0,0,0,56.656,7.27781771073106,56,9,0.99402164396267
0.07,Inf,0.4883055,0.680076013324968,695.968,327.421,4,">=65",0.00798957857313731,0.00798957857313731,0.0213209397327863,0.0197499045528664,0.0197772658767163,0.0193953707541569,0.919,1332.51,21.393447117741,1332,28.25,703.191,20.9563280821495,703,29,618.406,21.0683421046612,618,30,10.913,3.36284696942037,11,4,462.479,18.9877880516688,463,25,0,0,0,0,205.011,13.2878683936306,205,17,0.980690196261704
0.07,Inf,0.4883055,0.680076013324968,695.968,327.421,7,">=65",0.0129813888325143,0.0129813888325143,0.0278497921811485,0.0246252971174577,0.0246516159852233,0.024968712028604,0.918,976.611,22.4140149698145,977,29,568.244,19.8155272228401,568,26,404.693,18.2459218639307,405,25,3.674,1.93687260176695,4,3,695.968,20.5429547287869,697,27,0,0,0,0,327.421,16.4418397113308,328,22.25,1.01286309358262
0.1,Inf,0.3996905,0.756114281561372,907.794,292.825,1,"<65",0.000402706610984685,0.000402706610984685,0.00928141842438279,0.00927651722353197,0.00927731771461555,0.00938416762518106,0.954,1754.059,14.8976326461105,1755,21,842.648,21.6692790293921,843,31,884.259,22.4753433802481,884,30.25,27.152,5.4487232068242,27,6,190.319,13.1446575086999,190,17,0,0,0,0,55.622,7.2136781986136,55,10,1.0115173279446
0.1,Inf,0.3996905,0.756114281561372,907.794,292.825,4,"<65",0.0008114756782493,0.0008114756782493,0.0159736108960099,0.0159614126859197,0.0159609681656697,0.0158896441880932,0.946,1184.482,21.8782616844743,1184,29,636.958,20.4992794131027,637,28,538.434,20.0986467106519,538,28,9.09,3.03201139395832,9,4,623.9,20.0134089184361,624,27,0,0,0,0,191.618,12.9912604796012,192,17,0.995531350176493
0.1,Inf,0.3996905,0.756114281561372,907.794,292.825,7,"<65",0.00104130339673278,0.00104130339673278,0.0181733297721069,0.0181605492692084,0.0181525512630886,0.017894382565432,0.951,799.381,21.8937245386475,799,31,478.041,19.2920580162538,478,26,318.665,16.3040669036163,318,22,2.675,1.65109088214462,3,3,907.794,21.5648465472539,907,30,0,0,0,0,292.825,15.6905885667036,293,21,0.985777828476292
0.1,Inf,0.3996905,0.756114281561372,907.794,292.825,1,">=65",0.00216195589179397,0.00216195589179397,0.0120851824724611,0.0118794034658869,0.0118961801102637,0.0115943700342285,0.935,1754.059,14.8976326461105,1755,21,842.648,21.6692790293921,843,31,884.259,22.4753433802481,884,30.25,27.152,5.4487232068242,27,6,190.319,13.1446575086999,190,17,0,0,0,0,55.622,7.2136781986136,55,10,0.974629664880843
0.1,Inf,0.3996905,0.756114281561372,907.794,292.825,4,">=65",0.00700005712633695,0.00700005712633695,0.0211654136468552,0.0199303525143023,0.0199843265680603,0.019530262048641,0.927,1184.482,21.8782616844743,1184,29,636.958,20.4992794131027,637,28,538.434,20.0986467106519,538,28,9.09,3.03201139395832,9,4,623.9,20.0134089184361,624,27,0,0,0,0,191.618,12.9912604796012,192,17,0.977278968201759
0.1,Inf,0.3996905,0.756114281561372,907.794,292.825,7,">=65",0.00985525347501118,0.00985525347501118,0.0239932339786824,0.0219003969070096,0.0218867147827869,0.0230796775595418,0.938,799.381,21.8937245386475,799,31,478.041,19.2920580162538,478,26,318.665,16.3040669036163,318,22,2.675,1.65109088214462,3,3,907.794,21.5648465472539,907,30,0,0,0,0,292.825,15.6905885667036,293,21,1.05450625133075
0.3,10.5,0.2998725,0.911698807823184,1276.603,123.652,1,"<65",1.75782894700031e-05,-1.75782894700031e-05,0.0144381327443803,0.0144400228141107,0.0144453465235096,0.0142633391566287,0.945,1297.678,21.0519238906923,1298,28,645.871,20.9383087132598,646,28,634.081,20.8575040327091,634,28,17.726,4.22075096857641,17,5,492.783,18.8071693941598,493,25,162.315,11.9578746341382,162,16,47.224,6.73001613052429,47,9.25,0.987400276858384
0.3,10.5,0.2998725,0.911698807823184,1276.603,123.652,4,"<65",0.000472750247734255,0.000472750247734255,0.0183488664973936,0.0183811256862142,0.0183519536601852,0.018816076184248,0.955,339.5,16.4838016160022,339,22,204.608,13.3875151376781,204,18,133.281,11.265209449626,133,16,1.611,1.21373479481811,1,1,1127.516,21.5448816642358,1128,30,424.293,18.0244842653828,425,24,108.691,10.1465497323707,108,14,1.02529008805584
0.3,10.5,0.2998725,0.911698807823184,1276.603,123.652,7,"<65",0.000646818721523296,0.000646818721523296,0.0182660644644133,0.0182549437031337,0.0182637427944124,0.0183042276732806,0.955,72.873,8.32611525233678,73,11,50.747,6.83576760274358,50,9,22.028,4.65283406805625,22,6,0.098,0.317011823906454,0,0,1276.603,20.5909051859401,1276,29,526.872,19.3261769917673,526,27,123.652,10.8752548092984,124,15,1.00221668030063
0.3,10.5,0.2998725,0.911698807823184,1276.603,123.652,1,">=65",0.00206262854444042,0.00206262854444042,0.015584759171162,0.0154788212560504,0.0154553922972483,0.0155062606192355,0.945,1297.678,21.0519238906923,1298,28,645.871,20.9383087132598,646,28,634.081,20.8575040327091,634,28,17.726,4.22075096857641,17,5,492.783,18.8071693941598,493,25,162.315,11.9578746341382,162,16,47.224,6.73001613052429,47,9.25,1.00329129930893
0.3,10.5,0.2998725,0.911698807823184,1276.603,123.652,4,">=65",0.00270356549337676,0.00270356549337676,0.0173861554796377,0.017293419146072,0.0171832593062418,0.0176674157337223,0.947,339.5,16.4838016160022,339,22,204.608,13.3875151376781,204,18,133.281,11.265209449626,133,16,1.611,1.21373479481811,1,1,1127.516,21.5448816642358,1128,30,424.293,18.0244842653828,425,24,108.691,10.1465497323707,108,14,1.0281760531487
0.3,10.5,0.2998725,0.911698807823184,1276.603,123.652,7,">=65",0.00207989933105232,0.00207989933105232,0.0161057562872615,0.0159965030936234,0.0159788838498325,0.0158734610217237,0.943,72.873,8.32611525233678,73,11,50.747,6.83576760274358,50,9,22.028,4.65283406805625,22,6,0.098,0.317011823906454,0,0,1276.603,20.5909051859401,1276,29,526.872,19.3261769917673,526,27,123.652,10.8752548092984,124,15,0.993402365953745
